2.500000000000000 0.600000000000000
2.500000000000000 0.600000000000000
2.500000000000000 0.600000000000000
2.500000000000000 0.600000000000000
2.500000000000000 0.600000000000000
2.501501501501501 0.600240096038415
2.501501501501501 0.600240096038415
2.501501501501501 0.600240096038415
2.501501501501501 0.600240096038415
2.501501501501501 0.600240096038415
2.503003003003003 0.600479904019196
2.503003003003003 0.600479904019196
2.503003003003003 0.600479904019196
2.503003003003003 0.600479904019196
2.503003003003003 0.600479904019196
2.504504504504505 0.600719424460432
2.504504504504505 0.600719424460432
2.504504504504505 0.600719424460432
2.504504504504505 0.600719424460432
2.504504504504505 0.600719424460432
2.506006006006006 0.600958657878969
2.506006006006006 0.600958657878969
2.506006006006006 0.600958657878969
2.506006006006006 0.600958657878969
2.506006006006006 0.600958657878969
2.507507507507508 0.601197604790419
2.507507507507508 0.601197604790419
2.507507507507508 0.601197604790419
2.507507507507508 0.601197604790419
2.507507507507508 0.601197604790419
2.509009009009009 0.601436265709156
2.509009009009009 0.601436265709156
2.509009009009009 0.601436265709156
2.509009009009009 0.601436265709156
2.509009009009009 0.601436265709156
2.510510510510510 0.601674641148325
2.510510510510510 0.601674641148325
2.510510510510510 0.601674641148325
2.510510510510510 0.601674641148325
2.510510510510510 0.601674641148325
2.512012012012012 0.601912731619845
2.512012012012012 0.601912731619845
2.512012012012012 0.601912731619845
2.512012012012012 0.601912731619845
2.512012012012012 0.601912731619845
2.513513513513514 0.602150537634409
2.513513513513514 0.602150537634409
2.513513513513514 0.602150537634409
2.513513513513514 0.602150537634409
2.513513513513514 0.602150537634409
2.515015015015015 0.602388059701493
2.515015015015015 0.602388059701492
2.515015015015015 0.602388059701493
2.515015015015015 0.602388059701493
2.515015015015015 0.602388059701492
2.516516516516516 0.602625298329356
2.516516516516516 0.602625298329356
2.516516516516516 0.602625298329356
2.516516516516516 0.602625298329356
2.516516516516516 0.602625298329356
2.518018018018018 0.602862254025045
2.518018018018018 0.602862254025045
2.518018018018018 0.602862254025045
2.518018018018018 0.602862254025045
2.518018018018018 0.602862254025045
2.519519519519520 0.603098927294398
2.519519519519520 0.603098927294398
2.519519519519520 0.603098927294398
2.519519519519520 0.603098927294398
2.519519519519520 0.603098927294398
2.521021021021021 0.603335318642049
2.521021021021021 0.603335318642049
2.521021021021021 0.603335318642049
2.521021021021021 0.603335318642049
2.521021021021021 0.603335318642049
2.522522522522523 0.603571428571429
2.522522522522523 0.603571428571429
2.522522522522523 0.603571428571429
2.522522522522523 0.603571428571429
2.522522522522523 0.603571428571429
2.524024024024024 0.603807257584771
2.524024024024024 0.603807257584771
2.524024024024024 0.603807257584771
2.524024024024024 0.603807257584771
2.524024024024024 0.603807257584771
2.525525525525525 0.604042806183115
2.525525525525525 0.604042806183115
2.525525525525525 0.604042806183115
2.525525525525525 0.604042806183115
2.525525525525525 0.604042806183115
2.527027027027027 0.604278074866310
2.527027027027027 0.604278074866310
2.527027027027027 0.604278074866310
2.527027027027027 0.604278074866310
2.527027027027027 0.604278074866310
2.528528528528529 0.604513064133017
2.528528528528529 0.604513064133017
2.528528528528529 0.604513064133017
2.528528528528529 0.604513064133017
2.528528528528529 0.604513064133017
2.530030030030030 0.604747774480712
2.530030030030030 0.604747774480712
2.530030030030030 0.604747774480712
2.530030030030030 0.604747774480712
2.530030030030030 0.604747774480712
2.531531531531531 0.604982206405694
2.531531531531531 0.604982206405694
2.531531531531531 0.604982206405694
2.531531531531531 0.604982206405694
2.531531531531531 0.604982206405694
2.533033033033033 0.605216360403082
2.533033033033033 0.605216360403082
2.533033033033033 0.605216360403082
2.533033033033033 0.605216360403082
2.533033033033033 0.605216360403082
2.534534534534535 0.605450236966825
2.534534534534535 0.605450236966825
2.534534534534535 0.605450236966825
2.534534534534535 0.605450236966825
2.534534534534535 0.605450236966825
2.536036036036036 0.605683836589698
2.536036036036036 0.605683836589698
2.536036036036036 0.605683836589698
2.536036036036036 0.605683836589698
2.536036036036036 0.605683836589698
2.537537537537538 0.605917159763314
2.537537537537538 0.605917159763314
2.537537537537538 0.605917159763314
2.537537537537538 0.605917159763314
2.537537537537538 0.605917159763314
2.539039039039039 0.606150206978119
2.539039039039039 0.606150206978119
2.539039039039039 0.606150206978119
2.539039039039039 0.606150206978119
2.539039039039039 0.606150206978119
2.540540540540540 0.606382978723404
2.540540540540540 0.606382978723404
2.540540540540540 0.606382978723404
2.540540540540540 0.606382978723404
2.540540540540540 0.606382978723404
2.542042042042042 0.606615475487301
2.542042042042042 0.606615475487301
2.542042042042042 0.606615475487301
2.542042042042042 0.606615475487301
2.542042042042042 0.606615475487301
2.543543543543544 0.606847697756789
2.543543543543544 0.606847697756789
2.543543543543544 0.606847697756789
2.543543543543544 0.606847697756789
2.543543543543544 0.606847697756789
2.545045045045045 0.607079646017699
2.545045045045045 0.607079646017699
2.545045045045045 0.607079646017699
2.545045045045045 0.607079646017699
2.545045045045045 0.607079646017699
2.546546546546546 0.607311320754717
2.546546546546546 0.607311320754717
2.546546546546546 0.607311320754717
2.546546546546546 0.607311320754717
2.546546546546546 0.607311320754717
2.548048048048048 0.607542722451385
2.548048048048048 0.607542722451385
2.548048048048048 0.607542722451385
2.548048048048048 0.607542722451385
2.548048048048048 0.607542722451385
2.549549549549550 0.607773851590106
2.549549549549550 0.607773851590106
2.549549549549550 0.607773851590106
2.549549549549550 0.607773851590106
2.549549549549550 0.607773851590106
2.551051051051051 0.608004708652148
2.551051051051051 0.608004708652148
2.551051051051051 0.608004708652148
2.551051051051051 0.608004708652148
2.551051051051051 0.608004708652148
2.552552552552553 0.608235294117647
2.552552552552553 0.608235294117647
2.552552552552553 0.608235294117647
2.552552552552553 0.608235294117647
2.552552552552553 0.608235294117647
2.554054054054054 0.608465608465608
2.554054054054054 0.608465608465608
2.554054054054054 0.608465608465608
2.554054054054054 0.608465608465608
2.554054054054054 0.608465608465608
2.555555555555555 0.608695652173913
2.555555555555555 0.608695652173913
2.555555555555555 0.608695652173913
2.555555555555555 0.608695652173913
2.555555555555555 0.608695652173913
2.557057057057057 0.608925425719319
2.557057057057057 0.608925425719319
2.557057057057057 0.608925425719319
2.557057057057057 0.608925425719319
2.557057057057057 0.608925425719319
2.558558558558559 0.609154929577465
2.558558558558559 0.609154929577465
2.558558558558559 0.609154929577465
2.558558558558559 0.609154929577465
2.558558558558559 0.609154929577465
2.560060060060060 0.609384164222874
2.560060060060060 0.609384164222874
2.560060060060060 0.609384164222874
2.560060060060060 0.609384164222874
2.560060060060060 0.609384164222874
2.561561561561561 0.609613130128957
2.561561561561561 0.609613130128957
2.561561561561561 0.609613130128957
2.561561561561561 0.609613130128957
2.561561561561561 0.609613130128957
2.563063063063063 0.609841827768014
2.563063063063063 0.609841827768014
2.563063063063063 0.609841827768014
2.563063063063063 0.609841827768014
2.563063063063063 0.609841827768014
2.564564564564565 0.610070257611241
2.564564564564565 0.610070257611241
2.564564564564565 0.610070257611241
2.564564564564565 0.610070257611241
2.564564564564565 0.610070257611241
2.566066066066066 0.610298420128730
2.566066066066066 0.610298420128730
2.566066066066066 0.610298420128730
2.566066066066066 0.610298420128730
2.566066066066066 0.610298420128730
2.567567567567568 0.610526315789474
2.567567567567568 0.610526315789474
2.567567567567568 0.610526315789474
2.567567567567568 0.610526315789474
2.567567567567568 0.610526315789474
2.569069069069069 0.610753945061368
2.569069069069069 0.610753945061368
2.569069069069069 0.610753945061368
2.569069069069069 0.610753945061368
2.569069069069069 0.610753945061367
2.570570570570570 0.610981308411215
2.570570570570570 0.610981308411215
2.570570570570570 0.610981308411215
2.570570570570570 0.610981308411215
2.570570570570570 0.610981308411215
2.572072072072072 0.611208406304729
2.572072072072072 0.611208406304729
2.572072072072072 0.611208406304729
2.572072072072072 0.611208406304729
2.572072072072072 0.611208406304729
2.573573573573574 0.611435239206535
2.573573573573574 0.611435239206534
2.573573573573574 0.611435239206535
2.573573573573574 0.611435239206535
2.573573573573574 0.611435239206534
2.575075075075075 0.611661807580175
2.575075075075075 0.611661807580175
2.575075075075075 0.611661807580175
2.575075075075075 0.611661807580175
2.575075075075075 0.611661807580175
2.576576576576576 0.611888111888112
2.576576576576576 0.611888111888112
2.576576576576576 0.611888111888112
2.576576576576576 0.611888111888112
2.576576576576576 0.611888111888112
2.578078078078078 0.612114152591730
2.578078078078078 0.612114152591730
2.578078078078078 0.612114152591730
2.578078078078078 0.612114152591730
2.578078078078078 0.612114152591730
2.579579579579580 0.612339930151339
2.579579579579580 0.612339930151339
2.579579579579580 0.612339930151339
2.579579579579580 0.612339930151339
2.579579579579580 0.612339930151339
2.581081081081081 0.612565445026178
2.581081081081081 0.612565445026178
2.581081081081081 0.612565445026178
2.581081081081081 0.612565445026178
2.581081081081081 0.612565445026178
2.582582582582583 0.612790697674419
2.582582582582583 0.612790697674419
2.582582582582583 0.612790697674419
2.582582582582583 0.612790697674419
2.582582582582583 0.612790697674419
2.584084084084084 0.613015688553167
2.584084084084084 0.613015688553167
2.584084084084084 0.613015688553167
2.584084084084084 0.613015688553167
2.584084084084084 0.613015688553167
2.585585585585585 0.613240418118467
2.585585585585585 0.613240418118467
2.585585585585585 0.613240418118467
2.585585585585585 0.613240418118467
2.585585585585585 0.613240418118467
2.587087087087087 0.613464886825305
2.587087087087087 0.613464886825305
2.587087087087087 0.613464886825305
2.587087087087087 0.613464886825305
2.587087087087087 0.613464886825305
2.588588588588589 0.613689095127610
2.588588588588589 0.613689095127610
2.588588588588589 0.613689095127610
2.588588588588589 0.613689095127610
2.588588588588589 0.613689095127610
2.590090090090090 0.613913043478261
2.590090090090090 0.613913043478261
2.590090090090090 0.613913043478261
2.590090090090090 0.613913043478261
2.590090090090090 0.613913043478261
2.591591591591591 0.614136732329085
2.591591591591591 0.614136732329085
2.591591591591591 0.614136732329085
2.591591591591591 0.614136732329085
2.591591591591591 0.614136732329085
2.593093093093093 0.614360162130863
2.593093093093093 0.614360162130863
2.593093093093093 0.614360162130863
2.593093093093093 0.614360162130863
2.593093093093093 0.614360162130863
2.594594594594595 0.614583333333333
2.594594594594595 0.614583333333333
2.594594594594595 0.614583333333333
2.594594594594595 0.614583333333333
2.594594594594595 0.614583333333333
2.596096096096096 0.614806246385194
2.596096096096096 0.614806246385194
2.596096096096096 0.614806246385194
2.596096096096096 0.614806246385194
2.596096096096096 0.614806246385194
2.597597597597598 0.615028901734104
2.597597597597598 0.615028901734104
2.597597597597598 0.615028901734104
2.597597597597598 0.615028901734104
2.597597597597598 0.615028901734104
2.599099099099099 0.615251299826690
2.599099099099099 0.615251299826690
2.599099099099099 0.615251299826690
2.599099099099099 0.615251299826690
2.599099099099099 0.615251299826690
2.600600600600600 0.615473441108545
2.600600600600600 0.615473441108545
2.600600600600600 0.615473441108545
2.600600600600600 0.615473441108545
2.600600600600600 0.615473441108545
2.602102102102102 0.615695326024235
2.602102102102102 0.615695326024235
2.602102102102102 0.615695326024235
2.602102102102102 0.615695326024235
2.602102102102102 0.615695326024235
2.603603603603604 0.615916955017301
2.603603603603604 0.615916955017301
2.603603603603604 0.615916955017301
2.603603603603604 0.615916955017301
2.603603603603604 0.615916955017301
2.605105105105105 0.616138328530259
2.605105105105105 0.616138328530259
2.605105105105105 0.616138328530259
2.605105105105105 0.616138328530259
2.605105105105105 0.616138328530259
2.606606606606606 0.616359447004608
2.606606606606606 0.616359447004608
2.606606606606606 0.616359447004608
2.606606606606606 0.616359447004608
2.606606606606606 0.616359447004608
2.608108108108108 0.616580310880829
2.608108108108108 0.616580310880829
2.608108108108108 0.616580310880829
2.608108108108108 0.616580310880829
2.608108108108108 0.616580310880829
2.609609609609610 0.616800920598389
2.609609609609610 0.616800920598389
2.609609609609610 0.616800920598389
2.609609609609610 0.616800920598389
2.609609609609610 0.616800920598389
2.611111111111111 0.617021276595745
2.611111111111111 0.617021276595745
2.611111111111111 0.617021276595745
2.611111111111111 0.617021276595745
2.611111111111111 0.617021276595745
2.612612612612613 0.617241379310345
2.612612612612613 0.617241379310345
2.612612612612613 0.617241379310345
2.612612612612613 0.617241379310345
2.612612612612613 0.617241379310345
2.614114114114114 0.617461229178633
2.614114114114114 0.617461229178633
2.614114114114114 0.617461229178633
2.614114114114114 0.617461229178633
2.614114114114114 0.617461229178633
2.615615615615615 0.617680826636050
2.615615615615615 0.617680826636051
2.615615615615615 0.617680826636050
2.615615615615615 0.617680826636051
2.615615615615615 0.617680826636051
2.617117117117117 0.617900172117040
2.617117117117117 0.617900172117040
2.617117117117117 0.617900172117040
2.617117117117117 0.617900172117040
2.617117117117117 0.617900172117040
2.618618618618619 0.618119266055046
2.618618618618619 0.618119266055046
2.618618618618619 0.618119266055046
2.618618618618619 0.618119266055046
2.618618618618619 0.618119266055046
2.620120120120120 0.618338108882522
2.620120120120120 0.618338108882521
2.620120120120120 0.618338108882521
2.620120120120120 0.618338108882521
2.620120120120120 0.618338108882522
2.621621621621621 0.618556701030928
2.621621621621621 0.618556701030928
2.621621621621621 0.618556701030928
2.621621621621621 0.618556701030928
2.621621621621621 0.618556701030928
2.623123123123123 0.618775042930738
2.623123123123123 0.618775042930738
2.623123123123123 0.618775042930738
2.623123123123123 0.618775042930738
2.623123123123123 0.618775042930738
2.624624624624625 0.618993135011442
2.624624624624625 0.618993135011442
2.624624624624625 0.618993135011442
2.624624624624625 0.618993135011442
2.624624624624625 0.618993135011442
2.626126126126126 0.619210977701544
2.626126126126126 0.619210977701544
2.626126126126126 0.619210977701544
2.626126126126126 0.619210977701544
2.626126126126126 0.619210977701544
2.627627627627628 0.619428571428571
2.627627627627628 0.619428571428571
2.627627627627628 0.619428571428571
2.627627627627628 0.619428571428571
2.627627627627628 0.619428571428571
2.629129129129129 0.619645916619075
2.629129129129129 0.619645916619075
2.629129129129129 0.619645916619075
2.629129129129129 0.619645916619075
2.629129129129129 0.619645916619075
2.630630630630630 0.619863013698630
2.630630630630630 0.619863013698630
2.630630630630630 0.619863013698630
2.630630630630630 0.619863013698630
2.630630630630630 0.619863013698630
2.632132132132132 0.620079863091842
2.632132132132132 0.620079863091842
2.632132132132132 0.620079863091843
2.632132132132132 0.620079863091843
2.632132132132132 0.620079863091843
2.633633633633634 0.620296465222349
2.633633633633634 0.620296465222349
2.633633633633634 0.620296465222349
2.633633633633634 0.620296465222349
2.633633633633634 0.620296465222349
2.635135135135135 0.620512820512821
2.635135135135135 0.620512820512821
2.635135135135135 0.620512820512820
2.635135135135135 0.620512820512820
2.635135135135135 0.620512820512821
2.636636636636636 0.620728929384966
2.636636636636636 0.620728929384966
2.636636636636636 0.620728929384966
2.636636636636636 0.620728929384966
2.636636636636636 0.620728929384966
2.638138138138138 0.620944792259533
2.638138138138138 0.620944792259533
2.638138138138138 0.620944792259533
2.638138138138138 0.620944792259533
2.638138138138138 0.620944792259533
2.639639639639640 0.621160409556314
2.639639639639640 0.621160409556314
2.639639639639640 0.621160409556314
2.639639639639640 0.621160409556314
2.639639639639640 0.621160409556314
2.641141141141141 0.621375781694144
2.641141141141141 0.621375781694144
2.641141141141141 0.621375781694144
2.641141141141141 0.621375781694144
2.641141141141141 0.621375781694144
2.642642642642643 0.621590909090909
2.642642642642643 0.621590909090909
2.642642642642643 0.621590909090909
2.642642642642643 0.621590909090909
2.642642642642643 0.621590909090909
2.644144144144144 0.621805792163543
2.644144144144144 0.621805792163543
2.644144144144144 0.621805792163543
2.644144144144144 0.621805792163543
2.644144144144144 0.621805792163543
2.645645645645645 0.622020431328036
2.645645645645645 0.622020431328036
2.645645645645645 0.622020431328036
2.645645645645645 0.622020431328036
2.645645645645645 0.622020431328036
2.647147147147147 0.622234826999433
2.647147147147147 0.622234826999433
2.647147147147147 0.622234826999433
2.647147147147147 0.622234826999433
2.647147147147147 0.622234826999433
2.648648648648649 0.622448979591837
2.648648648648649 0.622448979591837
2.648648648648649 0.622448979591837
2.648648648648649 0.622448979591837
2.648648648648649 0.622448979591837
2.650150150150150 0.622662889518414
2.650150150150150 0.622662889518414
2.650150150150150 0.622662889518414
2.650150150150150 0.622662889518414
2.650150150150150 0.622662889518414
2.651651651651652 0.622876557191393
2.651651651651652 0.622876557191393
2.651651651651652 0.622876557191393
2.651651651651652 0.622876557191393
2.651651651651652 0.622876557191393
2.653153153153153 0.623089983022071
2.653153153153153 0.623089983022071
2.653153153153153 0.623089983022071
2.653153153153153 0.623089983022071
2.653153153153153 0.623089983022071
2.654654654654655 0.623303167420814
2.654654654654655 0.623303167420815
2.654654654654655 0.623303167420814
2.654654654654655 0.623303167420815
2.654654654654655 0.623303167420814
2.656156156156156 0.623516110797061
2.656156156156156 0.623516110797061
2.656156156156156 0.623516110797061
2.656156156156156 0.623516110797061
2.656156156156156 0.623516110797061
2.657657657657658 0.623728813559322
2.657657657657658 0.623728813559322
2.657657657657658 0.623728813559322
2.657657657657658 0.623728813559322
2.657657657657658 0.623728813559322
2.659159159159159 0.623941276115189
2.659159159159159 0.623941276115189
2.659159159159159 0.623941276115189
2.659159159159159 0.623941276115189
2.659159159159159 0.623941276115189
2.660660660660660 0.624153498871332
2.660660660660660 0.624153498871332
2.660660660660660 0.624153498871332
2.660660660660660 0.624153498871332
2.660660660660660 0.624153498871332
2.662162162162162 0.624365482233503
2.662162162162162 0.624365482233503
2.662162162162162 0.624365482233503
2.662162162162162 0.624365482233503
2.662162162162162 0.624365482233503
2.663663663663664 0.624577226606539
2.663663663663664 0.624577226606539
2.663663663663664 0.624577226606539
2.663663663663664 0.624577226606539
2.663663663663664 0.624577226606539
2.665165165165165 0.624788732394366
2.665165165165165 0.624788732394366
2.665165165165165 0.624788732394366
2.665165165165165 0.624788732394366
2.665165165165165 0.624788732394366
2.666666666666667 0.625000000000000
2.666666666666667 0.625000000000000
2.666666666666667 0.625000000000000
2.666666666666667 0.625000000000000
2.666666666666667 0.625000000000000
2.668168168168168 0.625211029825549
2.668168168168168 0.625211029825549
2.668168168168168 0.625211029825549
2.668168168168168 0.625211029825549
2.668168168168168 0.625211029825549
2.669669669669670 0.625421822272216
2.669669669669670 0.625421822272216
2.669669669669670 0.625421822272216
2.669669669669670 0.625421822272216
2.669669669669670 0.625421822272216
2.671171171171171 0.625632377740303
2.671171171171171 0.625632377740304
2.671171171171171 0.625632377740303
2.671171171171171 0.625632377740303
2.671171171171171 0.625632377740303
2.672672672672673 0.625842696629214
2.672672672672673 0.625842696629214
2.672672672672673 0.625842696629214
2.672672672672673 0.625842696629214
2.672672672672673 0.625842696629213
2.674174174174174 0.626052779337451
2.674174174174174 0.626052779337451
2.674174174174174 0.626052779337451
2.674174174174174 0.626052779337451
2.674174174174174 0.626052779337451
2.675675675675676 0.626262626262626
2.675675675675676 0.626262626262626
2.675675675675676 0.626262626262626
2.675675675675676 0.626262626262626
2.675675675675676 0.626262626262626
2.677177177177177 0.626472237801458
2.677177177177177 0.626472237801458
2.677177177177177 0.626472237801458
2.677177177177177 0.626472237801458
2.677177177177177 0.626472237801458
2.678678678678679 0.626681614349776
2.678678678678679 0.626681614349776
2.678678678678679 0.626681614349776
2.678678678678679 0.626681614349776
2.678678678678679 0.626681614349776
2.680180180180180 0.626890756302521
2.680180180180180 0.626890756302521
2.680180180180180 0.626890756302521
2.680180180180180 0.626890756302521
2.680180180180180 0.626890756302521
2.681681681681682 0.627099664053752
2.681681681681682 0.627099664053752
2.681681681681682 0.627099664053752
2.681681681681682 0.627099664053752
2.681681681681682 0.627099664053751
2.683183183183183 0.627308337996643
2.683183183183183 0.627308337996643
2.683183183183183 0.627308337996643
2.683183183183183 0.627308337996643
2.683183183183183 0.627308337996643
2.684684684684685 0.627516778523490
2.684684684684685 0.627516778523490
2.684684684684685 0.627516778523490
2.684684684684685 0.627516778523490
2.684684684684685 0.627516778523490
2.686186186186186 0.627724986025713
2.686186186186186 0.627724986025713
2.686186186186186 0.627724986025713
2.686186186186186 0.627724986025713
2.686186186186186 0.627724986025713
2.687687687687688 0.627932960893855
2.687687687687688 0.627932960893855
2.687687687687688 0.627932960893855
2.687687687687688 0.627932960893855
2.687687687687688 0.627932960893855
2.689189189189189 0.628140703517588
2.689189189189189 0.628140703517588
2.689189189189189 0.628140703517588
2.689189189189189 0.628140703517588
2.689189189189189 0.628140703517588
2.690690690690691 0.628348214285714
2.690690690690691 0.628348214285714
2.690690690690691 0.628348214285714
2.690690690690691 0.628348214285714
2.690690690690691 0.628348214285714
2.692192192192192 0.628555493586168
2.692192192192192 0.628555493586168
2.692192192192192 0.628555493586168
2.692192192192192 0.628555493586168
2.692192192192192 0.628555493586168
2.693693693693694 0.628762541806020
2.693693693693694 0.628762541806020
2.693693693693694 0.628762541806020
2.693693693693694 0.628762541806020
2.693693693693694 0.628762541806020
2.695195195195195 0.628969359331476
2.695195195195195 0.628969359331476
2.695195195195195 0.628969359331476
2.695195195195195 0.628969359331476
2.695195195195195 0.628969359331476
2.696696696696697 0.629175946547884
2.696696696696697 0.629175946547884
2.696696696696697 0.629175946547884
2.696696696696697 0.629175946547884
2.696696696696697 0.629175946547884
2.698198198198198 0.629382303839733
2.698198198198198 0.629382303839733
2.698198198198198 0.629382303839733
2.698198198198198 0.629382303839733
2.698198198198198 0.629382303839733
2.699699699699700 0.629588431590656
2.699699699699700 0.629588431590656
2.699699699699700 0.629588431590656
2.699699699699700 0.629588431590656
2.699699699699700 0.629588431590656
2.701201201201201 0.629794330183435
2.701201201201201 0.629794330183435
2.701201201201201 0.629794330183435
2.701201201201201 0.629794330183435
2.701201201201201 0.629794330183435
2.702702702702703 0.630000000000000
2.702702702702703 0.630000000000000
2.702702702702703 0.630000000000000
2.702702702702703 0.630000000000000
2.702702702702703 0.630000000000000
2.704204204204204 0.630205441421433
2.704204204204204 0.630205441421433
2.704204204204204 0.630205441421432
2.704204204204204 0.630205441421432
2.704204204204204 0.630205441421433
2.705705705705706 0.630410654827969
2.705705705705706 0.630410654827969
2.705705705705706 0.630410654827969
2.705705705705706 0.630410654827969
2.705705705705706 0.630410654827969
2.707207207207207 0.630615640599002
2.707207207207207 0.630615640599002
2.707207207207207 0.630615640599002
2.707207207207207 0.630615640599002
2.707207207207207 0.630615640599002
2.708708708708709 0.630820399113082
2.708708708708709 0.630820399113082
2.708708708708709 0.630820399113082
2.708708708708709 0.630820399113082
2.708708708708709 0.630820399113082
2.710210210210210 0.631024930747922
2.710210210210210 0.631024930747923
2.710210210210210 0.631024930747923
2.710210210210210 0.631024930747923
2.710210210210210 0.631024930747923
2.711711711711712 0.631229235880399
2.711711711711712 0.631229235880399
2.711711711711712 0.631229235880399
2.711711711711712 0.631229235880399
2.711711711711712 0.631229235880399
2.713213213213213 0.631433314886552
2.713213213213213 0.631433314886552
2.713213213213213 0.631433314886552
2.713213213213213 0.631433314886552
2.713213213213213 0.631433314886552
2.714714714714715 0.631637168141593
2.714714714714715 0.631637168141593
2.714714714714715 0.631637168141593
2.714714714714715 0.631637168141593
2.714714714714715 0.631637168141593
2.716216216216216 0.631840796019901
2.716216216216216 0.631840796019901
2.716216216216216 0.631840796019901
2.716216216216216 0.631840796019900
2.716216216216216 0.631840796019901
2.717717717717718 0.632044198895027
2.717717717717718 0.632044198895028
2.717717717717718 0.632044198895027
2.717717717717718 0.632044198895027
2.717717717717718 0.632044198895027
2.719219219219219 0.632247377139702
2.719219219219219 0.632247377139702
2.719219219219219 0.632247377139702
2.719219219219219 0.632247377139702
2.719219219219219 0.632247377139702
2.720720720720721 0.632450331125828
2.720720720720721 0.632450331125828
2.720720720720721 0.632450331125828
2.720720720720721 0.632450331125828
2.720720720720721 0.632450331125828
2.722222222222222 0.632653061224490
2.722222222222222 0.632653061224490
2.722222222222222 0.632653061224490
2.722222222222222 0.632653061224490
2.722222222222222 0.632653061224490
2.723723723723724 0.632855567805954
2.723723723723724 0.632855567805954
2.723723723723724 0.632855567805954
2.723723723723724 0.632855567805954
2.723723723723724 0.632855567805954
2.725225225225225 0.633057851239669
2.725225225225225 0.633057851239669
2.725225225225225 0.633057851239670
2.725225225225225 0.633057851239669
2.725225225225225 0.633057851239669
2.726726726726727 0.633259911894273
2.726726726726727 0.633259911894273
2.726726726726727 0.633259911894273
2.726726726726727 0.633259911894273
2.726726726726727 0.633259911894273
2.728228228228228 0.633461750137589
2.728228228228228 0.633461750137590
2.728228228228228 0.633461750137589
2.728228228228228 0.633461750137589
2.728228228228228 0.633461750137589
2.729729729729730 0.633663366336634
2.729729729729730 0.633663366336634
2.729729729729730 0.633663366336634
2.729729729729730 0.633663366336634
2.729729729729730 0.633663366336634
2.731231231231231 0.633864760857614
2.731231231231231 0.633864760857614
2.731231231231231 0.633864760857614
2.731231231231231 0.633864760857614
2.731231231231231 0.633864760857614
2.732732732732733 0.634065934065934
2.732732732732733 0.634065934065934
2.732732732732733 0.634065934065934
2.732732732732733 0.634065934065934
2.732732732732733 0.634065934065934
2.734234234234234 0.634266886326194
2.734234234234234 0.634266886326194
2.734234234234234 0.634266886326194
2.734234234234234 0.634266886326194
2.734234234234234 0.634266886326195
2.735735735735736 0.634467618002195
2.735735735735736 0.634467618002196
2.735735735735736 0.634467618002195
2.735735735735736 0.634467618002196
2.735735735735736 0.634467618002196
2.737237237237237 0.634668129456939
2.737237237237237 0.634668129456939
2.737237237237237 0.634668129456939
2.737237237237237 0.634668129456939
2.737237237237237 0.634668129456939
2.738738738738739 0.634868421052631
2.738738738738739 0.634868421052632
2.738738738738739 0.634868421052631
2.738738738738739 0.634868421052632
2.738738738738739 0.634868421052632
2.740240240240240 0.635068493150685
2.740240240240240 0.635068493150685
2.740240240240240 0.635068493150685
2.740240240240240 0.635068493150685
2.740240240240240 0.635068493150685
2.741741741741742 0.635268346111720
2.741741741741742 0.635268346111720
2.741741741741742 0.635268346111719
2.741741741741742 0.635268346111719
2.741741741741742 0.635268346111720
2.743243243243243 0.635467980295567
2.743243243243243 0.635467980295567
2.743243243243243 0.635467980295567
2.743243243243243 0.635467980295567
2.743243243243243 0.635467980295567
2.744744744744745 0.635667396061269
2.744744744744745 0.635667396061269
2.744744744744745 0.635667396061269
2.744744744744745 0.635667396061269
2.744744744744745 0.635667396061269
2.746246246246246 0.635866593767086
2.746246246246246 0.635866593767086
2.746246246246246 0.635866593767086
2.746246246246246 0.635866593767086
2.746246246246246 0.635866593767086
2.747747747747748 0.636065573770492
2.747747747747748 0.636065573770492
2.747747747747748 0.636065573770492
2.747747747747748 0.636065573770492
2.747747747747748 0.636065573770492
2.749249249249249 0.636264336428181
2.749249249249249 0.636264336428181
2.749249249249249 0.636264336428181
2.749249249249249 0.636264336428181
2.749249249249249 0.636264336428181
2.750750750750751 0.636462882096070
2.750750750750751 0.636462882096070
2.750750750750751 0.636462882096070
2.750750750750751 0.636462882096070
2.750750750750751 0.636462882096070
2.752252252252252 0.636661211129296
2.752252252252252 0.636661211129296
2.752252252252252 0.636661211129296
2.752252252252252 0.636661211129296
2.752252252252252 0.636661211129296
2.753753753753754 0.636859323882225
2.753753753753754 0.636859323882225
2.753753753753754 0.636859323882225
2.753753753753754 0.636859323882225
2.753753753753754 0.636859323882225
2.755255255255255 0.637057220708447
2.755255255255255 0.637057220708447
2.755255255255255 0.637057220708447
2.755255255255255 0.637057220708447
2.755255255255255 0.637057220708447
2.756756756756757 0.637254901960784
2.756756756756757 0.637254901960784
2.756756756756757 0.637254901960784
2.756756756756757 0.637254901960784
2.756756756756757 0.637254901960784
2.758258258258258 0.637452367991290
2.758258258258258 0.637452367991290
2.758258258258258 0.637452367991290
2.758258258258258 0.637452367991290
2.758258258258258 0.637452367991290
2.759759759759760 0.637649619151251
2.759759759759760 0.637649619151251
2.759759759759760 0.637649619151251
2.759759759759760 0.637649619151251
2.759759759759760 0.637649619151251
2.761261261261261 0.637846655791191
2.761261261261261 0.637846655791191
2.761261261261261 0.637846655791191
2.761261261261261 0.637846655791191
2.761261261261261 0.637846655791191
2.762762762762763 0.638043478260870
2.762762762762763 0.638043478260869
2.762762762762763 0.638043478260869
2.762762762762763 0.638043478260869
2.762762762762763 0.638043478260869
2.764264264264264 0.638240086909289
2.764264264264264 0.638240086909288
2.764264264264264 0.638240086909289
2.764264264264264 0.638240086909289
2.764264264264264 0.638240086909288
2.765765765765766 0.638436482084691
2.765765765765766 0.638436482084691
2.765765765765766 0.638436482084691
2.765765765765766 0.638436482084691
2.765765765765766 0.638436482084691
2.767267267267267 0.638632664134563
2.767267267267267 0.638632664134563
2.767267267267267 0.638632664134563
2.767267267267267 0.638632664134563
2.767267267267267 0.638632664134563
2.768768768768769 0.638828633405640
2.768768768768769 0.638828633405640
2.768768768768769 0.638828633405640
2.768768768768769 0.638828633405640
2.768768768768769 0.638828633405640
2.770270270270270 0.639024390243902
2.770270270270270 0.639024390243902
2.770270270270270 0.639024390243902
2.770270270270270 0.639024390243902
2.770270270270270 0.639024390243902
2.771771771771772 0.639219934994583
2.771771771771772 0.639219934994583
2.771771771771772 0.639219934994583
2.771771771771772 0.639219934994583
2.771771771771772 0.639219934994583
2.773273273273273 0.639415268002166
2.773273273273273 0.639415268002166
2.773273273273273 0.639415268002166
2.773273273273273 0.639415268002166
2.773273273273273 0.639415268002166
2.774774774774775 0.639610389610390
2.774774774774775 0.639610389610390
2.774774774774775 0.639610389610390
2.774774774774775 0.639610389610390
2.774774774774775 0.639610389610390
2.776276276276276 0.639805300162250
2.776276276276276 0.639805300162250
2.776276276276276 0.639805300162250
2.776276276276276 0.639805300162250
2.776276276276276 0.639805300162250
2.777777777777778 0.640000000000000
2.777777777777778 0.640000000000000
2.777777777777778 0.640000000000000
2.777777777777778 0.640000000000000
2.777777777777778 0.640000000000000
2.779279279279279 0.640194489465154
2.779279279279279 0.640194489465154
2.779279279279279 0.640194489465154
2.779279279279279 0.640194489465154
2.779279279279279 0.640194489465154
2.780780780780781 0.640388768898488
2.780780780780781 0.640388768898488
2.780780780780781 0.640388768898488
2.780780780780781 0.640388768898488
2.780780780780781 0.640388768898488
2.782282282282282 0.640582838640043
2.782282282282282 0.640582838640043
2.782282282282282 0.640582838640043
2.782282282282282 0.640582838640043
2.782282282282282 0.640582838640043
2.783783783783784 0.640776699029126
2.783783783783784 0.640776699029126
2.783783783783784 0.640776699029126
2.783783783783784 0.640776699029126
2.783783783783784 0.640776699029126
2.785285285285285 0.640970350404313
2.785285285285285 0.640970350404312
2.785285285285285 0.640970350404312
2.785285285285285 0.640970350404313
2.785285285285285 0.640970350404312
2.786786786786787 0.641163793103448
2.786786786786787 0.641163793103448
2.786786786786787 0.641163793103448
2.786786786786787 0.641163793103448
2.786786786786787 0.641163793103448
2.788288288288288 0.641357027463651
2.788288288288288 0.641357027463651
2.788288288288288 0.641357027463651
2.788288288288288 0.641357027463651
2.788288288288288 0.641357027463651
2.789789789789790 0.641550053821313
2.789789789789790 0.641550053821313
2.789789789789790 0.641550053821313
2.789789789789790 0.641550053821313
2.789789789789790 0.641550053821313
2.791291291291291 0.641742872512103
2.791291291291291 0.641742872512103
2.791291291291291 0.641742872512103
2.791291291291291 0.641742872512103
2.791291291291291 0.641742872512103
2.792792792792793 0.641935483870968
2.792792792792793 0.641935483870968
2.792792792792793 0.641935483870968
2.792792792792793 0.641935483870968
2.792792792792793 0.641935483870968
2.794294294294294 0.642127888232133
2.794294294294294 0.642127888232134
2.794294294294294 0.642127888232133
2.794294294294294 0.642127888232134
2.794294294294294 0.642127888232133
2.795795795795796 0.642320085929108
2.795795795795796 0.642320085929109
2.795795795795796 0.642320085929108
2.795795795795796 0.642320085929108
2.795795795795796 0.642320085929109
2.797297297297297 0.642512077294686
2.797297297297297 0.642512077294686
2.797297297297297 0.642512077294686
2.797297297297297 0.642512077294686
2.797297297297297 0.642512077294686
2.798798798798799 0.642703862660944
2.798798798798799 0.642703862660944
2.798798798798799 0.642703862660944
2.798798798798799 0.642703862660944
2.798798798798799 0.642703862660944
2.800300300300300 0.642895442359249
2.800300300300300 0.642895442359249
2.800300300300300 0.642895442359249
2.800300300300300 0.642895442359249
2.800300300300300 0.642895442359249
2.801801801801802 0.643086816720257
2.801801801801802 0.643086816720257
2.801801801801802 0.643086816720257
2.801801801801802 0.643086816720257
2.801801801801802 0.643086816720257
2.803303303303303 0.643277986073915
2.803303303303303 0.643277986073915
2.803303303303303 0.643277986073916
2.803303303303303 0.643277986073915
2.803303303303303 0.643277986073915
2.804804804804805 0.643468950749465
2.804804804804805 0.643468950749465
2.804804804804805 0.643468950749465
2.804804804804805 0.643468950749465
2.804804804804805 0.643468950749465
2.806306306306306 0.643659711075442
2.806306306306306 0.643659711075441
2.806306306306306 0.643659711075441
2.806306306306306 0.643659711075442
2.806306306306306 0.643659711075441
2.807807807807808 0.643850267379679
2.807807807807808 0.643850267379679
2.807807807807808 0.643850267379679
2.807807807807808 0.643850267379679
2.807807807807808 0.643850267379679
2.809309309309310 0.644040619989311
2.809309309309310 0.644040619989310
2.809309309309310 0.644040619989311
2.809309309309310 0.644040619989310
2.809309309309310 0.644040619989310
2.810810810810811 0.644230769230769
2.810810810810811 0.644230769230769
2.810810810810811 0.644230769230769
2.810810810810811 0.644230769230769
2.810810810810811 0.644230769230769
2.812312312312312 0.644420715429792
2.812312312312312 0.644420715429792
2.812312312312312 0.644420715429792
2.812312312312312 0.644420715429792
2.812312312312312 0.644420715429792
2.813813813813814 0.644610458911420
2.813813813813814 0.644610458911420
2.813813813813814 0.644610458911419
2.813813813813814 0.644610458911420
2.813813813813814 0.644610458911420
2.815315315315315 0.644800000000000
2.815315315315315 0.644800000000000
2.815315315315315 0.644800000000000
2.815315315315315 0.644800000000000
2.815315315315315 0.644800000000000
2.816816816816817 0.644989339019190
2.816816816816817 0.644989339019190
2.816816816816817 0.644989339019190
2.816816816816817 0.644989339019190
2.816816816816817 0.644989339019190
2.818318318318318 0.645178476291955
2.818318318318318 0.645178476291955
2.818318318318318 0.645178476291955
2.818318318318318 0.645178476291955
2.818318318318318 0.645178476291955
2.819819819819820 0.645367412140575
2.819819819819820 0.645367412140575
2.819819819819820 0.645367412140575
2.819819819819820 0.645367412140575
2.819819819819820 0.645367412140575
2.821321321321321 0.645556146886642
2.821321321321321 0.645556146886642
2.821321321321321 0.645556146886642
2.821321321321321 0.645556146886642
2.821321321321321 0.645556146886642
2.822822822822823 0.645744680851064
2.822822822822823 0.645744680851064
2.822822822822823 0.645744680851064
2.822822822822823 0.645744680851064
2.822822822822823 0.645744680851064
2.824324324324325 0.645933014354067
2.824324324324325 0.645933014354067
2.824324324324325 0.645933014354067
2.824324324324325 0.645933014354067
2.824324324324325 0.645933014354067
2.825825825825826 0.646121147715196
2.825825825825826 0.646121147715197
2.825825825825826 0.646121147715196
2.825825825825826 0.646121147715197
2.825825825825826 0.646121147715196
2.827327327327327 0.646309081253319
2.827327327327327 0.646309081253319
2.827327327327327 0.646309081253319
2.827327327327327 0.646309081253319
2.827327327327327 0.646309081253319
2.828828828828829 0.646496815286624
2.828828828828829 0.646496815286624
2.828828828828829 0.646496815286624
2.828828828828829 0.646496815286624
2.828828828828829 0.646496815286624
2.830330330330330 0.646684350132626
2.830330330330330 0.646684350132626
2.830330330330330 0.646684350132626
2.830330330330330 0.646684350132626
2.830330330330330 0.646684350132626
2.831831831831832 0.646871686108166
2.831831831831832 0.646871686108165
2.831831831831832 0.646871686108165
2.831831831831832 0.646871686108165
2.831831831831832 0.646871686108165
2.833333333333333 0.647058823529412
2.833333333333333 0.647058823529412
2.833333333333333 0.647058823529412
2.833333333333333 0.647058823529412
2.833333333333333 0.647058823529412
2.834834834834835 0.647245762711865
2.834834834834835 0.647245762711865
2.834834834834835 0.647245762711864
2.834834834834835 0.647245762711864
2.834834834834835 0.647245762711865
2.836336336336336 0.647432503970354
2.836336336336336 0.647432503970354
2.836336336336336 0.647432503970354
2.836336336336336 0.647432503970355
2.836336336336336 0.647432503970355
2.837837837837838 0.647619047619048
2.837837837837838 0.647619047619048
2.837837837837838 0.647619047619048
2.837837837837838 0.647619047619047
2.837837837837838 0.647619047619047
2.839339339339340 0.647805393971443
2.839339339339340 0.647805393971443
2.839339339339340 0.647805393971443
2.839339339339340 0.647805393971443
2.839339339339340 0.647805393971443
2.840840840840841 0.647991543340380
2.840840840840841 0.647991543340381
2.840840840840841 0.647991543340381
2.840840840840841 0.647991543340381
2.840840840840841 0.647991543340380
2.842342342342342 0.648177496038035
2.842342342342342 0.648177496038035
2.842342342342342 0.648177496038035
2.842342342342342 0.648177496038035
2.842342342342342 0.648177496038035
2.843843843843844 0.648363252375924
2.843843843843844 0.648363252375924
2.843843843843844 0.648363252375924
2.843843843843844 0.648363252375924
2.843843843843844 0.648363252375924
2.845345345345345 0.648548812664908
2.845345345345345 0.648548812664908
2.845345345345345 0.648548812664908
2.845345345345345 0.648548812664908
2.845345345345345 0.648548812664908
2.846846846846847 0.648734177215190
2.846846846846847 0.648734177215190
2.846846846846847 0.648734177215190
2.846846846846847 0.648734177215190
2.846846846846847 0.648734177215190
2.848348348348348 0.648919346336320
2.848348348348348 0.648919346336321
2.848348348348348 0.648919346336321
2.848348348348348 0.648919346336321
2.848348348348348 0.648919346336320
2.849849849849850 0.649104320337198
2.849849849849850 0.649104320337198
2.849849849849850 0.649104320337198
2.849849849849850 0.649104320337198
2.849849849849850 0.649104320337197
2.851351351351351 0.649289099526067
2.851351351351351 0.649289099526067
2.851351351351351 0.649289099526067
2.851351351351351 0.649289099526066
2.851351351351351 0.649289099526066
2.852852852852853 0.649473684210526
2.852852852852853 0.649473684210526
2.852852852852853 0.649473684210526
2.852852852852853 0.649473684210526
2.852852852852853 0.649473684210526
2.854354354354355 0.649658074697528
2.854354354354355 0.649658074697527
2.854354354354355 0.649658074697528
2.854354354354355 0.649658074697528
2.854354354354355 0.649658074697528
2.855855855855856 0.649842271293376
2.855855855855856 0.649842271293375
2.855855855855856 0.649842271293376
2.855855855855856 0.649842271293376
2.855855855855856 0.649842271293375
2.857357357357357 0.650026274303731
2.857357357357357 0.650026274303731
2.857357357357357 0.650026274303731
2.857357357357357 0.650026274303731
2.857357357357357 0.650026274303731
2.858858858858859 0.650210084033613
2.858858858858859 0.650210084033613
2.858858858858859 0.650210084033613
2.858858858858859 0.650210084033613
2.858858858858859 0.650210084033613
2.860360360360360 0.650393700787401
2.860360360360360 0.650393700787401
2.860360360360360 0.650393700787401
2.860360360360360 0.650393700787402
2.860360360360360 0.650393700787402
2.861861861861862 0.650577124868836
2.861861861861862 0.650577124868835
2.861861861861862 0.650577124868836
2.861861861861862 0.650577124868836
2.861861861861862 0.650577124868835
2.863363363363364 0.650760356581017
2.863363363363364 0.650760356581018
2.863363363363364 0.650760356581017
2.863363363363364 0.650760356581018
2.863363363363364 0.650760356581017
2.864864864864865 0.650943396226415
2.864864864864865 0.650943396226415
2.864864864864865 0.650943396226415
2.864864864864865 0.650943396226415
2.864864864864865 0.650943396226415
2.866366366366366 0.651126244106862
2.866366366366366 0.651126244106862
2.866366366366366 0.651126244106862
2.866366366366366 0.651126244106862
2.866366366366366 0.651126244106862
2.867867867867868 0.651308900523560
2.867867867867868 0.651308900523560
2.867867867867868 0.651308900523560
2.867867867867868 0.651308900523560
2.867867867867868 0.651308900523560
2.869369369369370 0.651491365777080
2.869369369369370 0.651491365777080
2.869369369369370 0.651491365777080
2.869369369369370 0.651491365777080
2.869369369369370 0.651491365777080
2.870870870870871 0.651673640167364
2.870870870870871 0.651673640167364
2.870870870870871 0.651673640167364
2.870870870870871 0.651673640167364
2.870870870870871 0.651673640167364
2.872372372372372 0.651855723993727
2.872372372372372 0.651855723993727
2.872372372372372 0.651855723993727
2.872372372372372 0.651855723993727
2.872372372372372 0.651855723993727
2.873873873873874 0.652037617554859
2.873873873873874 0.652037617554859
2.873873873873874 0.652037617554859
2.873873873873874 0.652037617554859
2.873873873873874 0.652037617554859
2.875375375375375 0.652219321148825
2.875375375375375 0.652219321148825
2.875375375375375 0.652219321148825
2.875375375375375 0.652219321148825
2.875375375375375 0.652219321148825
2.876876876876877 0.652400835073069
2.876876876876877 0.652400835073069
2.876876876876877 0.652400835073069
2.876876876876877 0.652400835073069
2.876876876876877 0.652400835073069
2.878378378378379 0.652582159624413
2.878378378378379 0.652582159624413
2.878378378378379 0.652582159624413
2.878378378378379 0.652582159624413
2.878378378378379 0.652582159624413
2.879879879879880 0.652763295099062
2.879879879879880 0.652763295099061
2.879879879879880 0.652763295099062
2.879879879879880 0.652763295099061
2.879879879879880 0.652763295099062
2.881381381381381 0.652944241792600
2.881381381381381 0.652944241792600
2.881381381381381 0.652944241792600
2.881381381381381 0.652944241792600
2.881381381381381 0.652944241792600
2.882882882882883 0.653125000000000
2.882882882882883 0.653125000000000
2.882882882882883 0.653125000000000
2.882882882882883 0.653125000000000
2.882882882882883 0.653125000000000
2.884384384384385 0.653305570015617
2.884384384384385 0.653305570015617
2.884384384384385 0.653305570015617
2.884384384384385 0.653305570015617
2.884384384384385 0.653305570015617
2.885885885885886 0.653485952133195
2.885885885885886 0.653485952133195
2.885885885885886 0.653485952133194
2.885885885885886 0.653485952133195
2.885885885885886 0.653485952133195
2.887387387387387 0.653666146645866
2.887387387387387 0.653666146645866
2.887387387387387 0.653666146645866
2.887387387387387 0.653666146645866
2.887387387387387 0.653666146645866
2.888888888888889 0.653846153846154
2.888888888888889 0.653846153846154
2.888888888888889 0.653846153846154
2.888888888888889 0.653846153846154
2.888888888888889 0.653846153846154
2.890390390390390 0.654025974025973
2.890390390390390 0.654025974025973
2.890390390390390 0.654025974025973
2.890390390390390 0.654025974025973
2.890390390390390 0.654025974025975
2.891891891891892 0.654205607476635
2.891891891891892 0.654205607476636
2.891891891891892 0.654205607476635
2.891891891891892 0.654205607476636
2.891891891891892 0.654205607476635
2.893393393393394 0.654385054488843
2.893393393393394 0.654385054488843
2.893393393393394 0.654385054488843
2.893393393393394 0.654385054488842
2.893393393393394 0.654385054488843
2.894894894894895 0.654564315352698
2.894894894894895 0.654564315352697
2.894894894894895 0.654564315352698
2.894894894894895 0.654564315352698
2.894894894894895 0.654564315352698
2.896396396396396 0.654743390357698
2.896396396396396 0.654743390357698
2.896396396396396 0.654743390357698
2.896396396396396 0.654743390357699
2.896396396396396 0.654743390357699
2.897897897897898 0.654922279792746
2.897897897897898 0.654922279792746
2.897897897897898 0.654922279792746
2.897897897897898 0.654922279792746
2.897897897897898 0.654922279792746
2.899399399399400 0.655100983946142
2.899399399399400 0.655100983946142
2.899399399399400 0.655100983946142
2.899399399399400 0.655100983946142
2.899399399399400 0.655100983946142
2.900900900900901 0.655279503105589
2.900900900900901 0.655279503105589
2.900900900900901 0.655279503105589
2.900900900900901 0.655279503105591
2.900900900900901 0.655279503105589
2.902402402402402 0.655457837558200
2.902402402402402 0.655457837558199
2.902402402402402 0.655457837558200
2.902402402402402 0.655457837558199
2.902402402402402 0.655457837558199
2.903903903903904 0.655635987590486
2.903903903903904 0.655635987590486
2.903903903903904 0.655635987590486
2.903903903903904 0.655635987590486
2.903903903903904 0.655635987590486
2.905405405405405 0.655813953488372
2.905405405405405 0.655813953488372
2.905405405405405 0.655813953488372
2.905405405405405 0.655813953488372
2.905405405405405 0.655813953488372
2.906906906906907 0.655991735537190
2.906906906906907 0.655991735537190
2.906906906906907 0.655991735537190
2.906906906906907 0.655991735537191
2.906906906906907 0.655991735537190
2.908408408408409 0.656169334021683
2.908408408408409 0.656169334021683
2.908408408408409 0.656169334021683
2.908408408408409 0.656169334021683
2.908408408408409 0.656169334021683
2.909909909909910 0.656346749226006
2.909909909909910 0.656346749226006
2.909909909909910 0.656346749226006
2.909909909909910 0.656346749226007
2.909909909909910 0.656346749226007
2.911411411411411 0.656523981433729
2.911411411411411 0.656523981433729
2.911411411411411 0.656523981433729
2.911411411411411 0.656523981433729
2.911411411411411 0.656523981433729
2.912912912912913 0.656701030927835
2.912912912912913 0.656701030927835
2.912912912912913 0.656701030927835
2.912912912912913 0.656701030927835
2.912912912912913 0.656701030927835
2.914414414414415 0.656877897990727
2.914414414414415 0.656877897990726
2.914414414414415 0.656877897990727
2.914414414414415 0.656877897990727
2.914414414414415 0.656877897990727
2.915915915915916 0.657054582904223
2.915915915915916 0.657054582904223
2.915915915915916 0.657054582904222
2.915915915915916 0.657054582904223
2.915915915915916 0.657054582904222
2.917417417417417 0.657231085949563
2.917417417417417 0.657231085949562
2.917417417417417 0.657231085949563
2.917417417417417 0.657231085949562
2.917417417417417 0.657231085949563
2.918918918918919 0.657407407407408
2.918918918918919 0.657407407407408
2.918918918918919 0.657407407407408
2.918918918918919 0.657407407407407
2.918918918918919 0.657407407407408
2.920420420420420 0.657583547557842
2.920420420420420 0.657583547557842
2.920420420420420 0.657583547557840
2.920420420420420 0.657583547557842
2.920420420420420 0.657583547557842
2.921921921921922 0.657759506680370
2.921921921921922 0.657759506680370
2.921921921921922 0.657759506680370
2.921921921921922 0.657759506680370
2.921921921921922 0.657759506680371
2.923423423423424 0.657935285053929
2.923423423423424 0.657935285053930
2.923423423423424 0.657935285053930
2.923423423423424 0.657935285053930
2.923423423423424 0.657935285053930
2.924924924924925 0.658110882956878
2.924924924924925 0.658110882956878
2.924924924924925 0.658110882956878
2.924924924924925 0.658110882956878
2.924924924924925 0.658110882956879
2.926426426426426 0.658286300667008
2.926426426426426 0.658286300667010
2.926426426426426 0.658286300667010
2.926426426426426 0.658286300667010
2.926426426426426 0.658286300667008
2.927927927927928 0.658461538461539
2.927927927927928 0.658461538461538
2.927927927927928 0.658461538461539
2.927927927927928 0.658461538461538
2.927927927927928 0.658461538461539
2.929429429429430 0.658636596617119
2.929429429429430 0.658636596617120
2.929429429429430 0.658636596617120
2.929429429429430 0.658636596617119
2.929429429429430 0.658636596617120
2.930930930930931 0.658811475409836
2.930930930930931 0.658811475409837
2.930930930930931 0.658811475409837
2.930930930930931 0.658811475409836
2.930930930930931 0.658811475409836
2.932432432432432 0.658986175115208
2.932432432432432 0.658986175115207
2.932432432432432 0.658986175115207
2.932432432432432 0.658986175115208
2.932432432432432 0.658986175115207
2.933933933933934 0.659160696008188
2.933933933933934 0.659160696008188
2.933933933933934 0.659160696008189
2.933933933933934 0.659160696008189
2.933933933933934 0.659160696008188
2.935435435435435 0.659335038363172
2.935435435435435 0.659335038363172
2.935435435435435 0.659335038363171
2.935435435435435 0.659335038363171
2.935435435435435 0.659335038363172
2.936936936936937 0.659509202453987
2.936936936936937 0.659509202453987
2.936936936936937 0.659509202453989
2.936936936936937 0.659509202453989
2.936936936936937 0.659509202453987
2.938438438438439 0.659683188553908
2.938438438438439 0.659683188553910
2.938438438438439 0.659683188553908
2.938438438438439 0.659683188553908
2.938438438438439 0.659683188553910
2.939939939939940 0.659856996935648
2.939939939939940 0.659856996935649
2.939939939939940 0.659856996935648
2.939939939939940 0.659856996935648
2.939939939939940 0.659856996935648
2.941441441441441 0.660030627871362
2.941441441441441 0.660030627871362
2.941441441441441 0.660030627871362
2.941441441441441 0.660030627871364
2.941441441441441 0.660030627871362
2.942942942942943 0.660204081632654
2.942942942942943 0.660204081632652
2.942942942942943 0.660204081632654
2.942942942942943 0.660204081632654
2.942942942942943 0.660204081632654
2.944444444444445 0.660377358490565
2.944444444444445 0.660377358490565
2.944444444444445 0.660377358490567
2.944444444444445 0.660377358490565
2.944444444444445 0.660377358490565
2.945945945945946 0.660550458715596
2.945945945945946 0.660550458715596
2.945945945945946 0.660550458715596
2.945945945945946 0.660550458715596
2.945945945945946 0.660550458715596
2.947447447447447 0.660723382577688
2.947447447447447 0.660723382577686
2.947447447447447 0.660723382577686
2.947447447447447 0.660723382577688
2.947447447447447 0.660723382577686
2.948948948948949 0.660896130346233
2.948948948948949 0.660896130346231
2.948948948948949 0.660896130346233
2.948948948948949 0.660896130346233
2.948948948948949 0.660896130346233
2.950450450450450 0.661068702290076
2.950450450450450 0.661068702290076
2.950450450450450 0.661068702290076
2.950450450450450 0.661068702290077
2.950450450450450 0.661068702290076
2.951951951951952 0.661241098677517
2.951951951951952 0.661241098677517
2.951951951951952 0.661241098677519
2.951951951951952 0.661241098677517
2.951951951951952 0.661241098677519
2.953453453453454 0.661413319776310
2.953453453453454 0.661413319776309
2.953453453453454 0.661413319776310
2.953453453453454 0.661413319776309
2.953453453453454 0.661413319776310
2.954954954954955 0.661585365853659
2.954954954954955 0.661585365853658
2.954954954954955 0.661585365853658
2.954954954954955 0.661585365853659
2.954954954954955 0.661585365853658
2.956456456456456 0.661757237176230
2.956456456456456 0.661757237176233
2.956456456456456 0.661757237176230
2.956456456456456 0.661757237176233
2.956456456456456 0.661757237176233
2.957957957957958 0.661928934010151
2.957957957957958 0.661928934010153
2.957957957957958 0.661928934010151
2.957957957957958 0.661928934010151
2.957957957957958 0.661928934010151
2.959459459459460 0.662100456621006
2.959459459459460 0.662100456621006
2.959459459459460 0.662100456621003
2.959459459459460 0.662100456621003
2.959459459459460 0.662100456621003
2.960960960960961 0.662271805273834
2.960960960960961 0.662271805273833
2.960960960960961 0.662271805273834
2.960960960960961 0.662271805273834
2.960960960960961 0.662271805273833
2.962462462462462 0.662442980233147
2.962462462462462 0.662442980233148
2.962462462462462 0.662442980233147
2.962462462462462 0.662442980233148
2.962462462462462 0.662442980233148
2.963963963963964 0.662613981762917
2.963963963963964 0.662613981762917
2.963963963963964 0.662613981762917
2.963963963963964 0.662613981762917
2.963963963963964 0.662613981762917
2.965465465465465 0.662784810126581
2.965465465465465 0.662784810126581
2.965465465465465 0.662784810126584
2.965465465465465 0.662784810126584
2.965465465465465 0.662784810126584
2.966966966966967 0.662955465587043
2.966966966966967 0.662955465587043
2.966966966966967 0.662955465587046
2.966966966966967 0.662955465587046
2.966966966966967 0.662955465587046
2.968468468468469 0.663125948406676
2.968468468468469 0.663125948406676
2.968468468468469 0.663125948406678
2.968468468468469 0.663125948406676
2.968468468468469 0.663125948406678
2.969969969969970 0.663296258847322
2.969969969969970 0.663296258847323
2.969969969969970 0.663296258847318
2.969969969969970 0.663296258847319
2.969969969969970 0.663296258847319
2.971471471471471 0.663466397170302
2.971471471471471 0.663466397170275
2.971471471471471 0.663466397170282
2.971471471471471 0.663466397170301
2.971471471471471 0.663466397170277
2.972972972972973 0.663636363636423
2.972972972972973 0.663636363636306
2.972972972972973 0.663636363636313
2.972972972972973 0.663636363636411
2.972972972972973 0.663636363636388
2.974474474474475 0.663806158505745
2.974474474474475 0.663806158505939
2.974474474474475 0.663806158505539
2.974474474474475 0.663806158505830
2.974474474474475 0.663806158505567
2.975975975975976 0.663975782039541
2.975975975975976 0.663975782039138
2.975975975975976 0.663975782037348
2.975975975975976 0.663975782037922
2.975975975975976 0.663975782037104
2.977477477477477 0.664145234492979
2.977477477477477 0.664145234496986
2.977477477477477 0.664145234487677
2.977477477477477 0.664145234487960
2.977477477477477 0.664145234494294
2.978978978978979 0.664314516104940
2.978978978978979 0.664314516151260
2.978978978978979 0.664314516154460
2.978978978978979 0.664314516152091
2.978978978978979 0.664314516104049
2.980480480480480 0.664483627318311
2.980480480480480 0.664483627092036
2.980480480480480 0.664483627318437
2.980480480480480 0.664483627093275
2.980480480480480 0.664483627188079
2.981981981981982 0.664652568412258
2.981981981981982 0.664652568479594
2.981981981981982 0.664652567492320
2.981981981981982 0.664652567461504
2.981981981981982 0.664652567591399
2.983483483483484 0.664821340826767
2.983483483483484 0.664821337224556
2.983483483483484 0.664821340806859
2.983483483483484 0.664821337295105
2.983483483483484 0.664821340454767
2.984984984984985 0.664989948481302
2.984984984984985 0.664989949552359
2.984984984984985 0.664989930705807
2.984984984984985 0.664989946924613
2.984984984984985 0.664989929505458
2.986486486486486 0.665158402721554
2.986486486486486 0.665158327784635
2.986486486486486 0.665158332625266
2.986486486486486 0.665158362024280
2.986486486486486 0.665158342132298
2.987987987987988 0.665326737494051
2.987987987987988 0.665326454024991
2.987987987987988 0.665326678551900
2.987987987987988 0.665326822804411
2.987987987987988 0.665326525650572
2.989489489489490 0.665493974871086
2.989489489489490 0.665495544675258
2.989489489489490 0.665495557756435
2.989489489489490 0.665493894851269
2.989489489489490 0.665495523097436
2.990990990990991 0.665659238571534
2.990990990990991 0.665664995037452
2.990990990990991 0.665665977159311
2.990990990990991 0.665661472850713
2.990990990990991 0.665659285792132
2.992492492492492 0.665825214726186
2.992492492492492 0.665819450653677
2.992492492492492 0.665816148804809
2.992492492492492 0.665815723681471
2.992492492492492 0.665844935272637
2.993993993993994 0.665938247699771
2.993993993993994 0.665938727900411
2.993993993993994 0.666057685749529
2.993993993993994 0.665938562349491
2.993993993993994 0.665949662778224
2.995495495495495 0.666401945143654
2.995495495495495 0.666092781237686
2.995495495495495 0.666401879328803
2.995495495495495 0.666396014318339
2.995495495495495 0.666399833217093
2.996996996996997 0.665449793931816
2.996996996996997 0.665453436189448
2.996996996996997 0.667212556822563
2.996996996996997 0.665484525971054
2.996996996996997 0.665452871651857
2.998498498498499 0.663620252801834
2.998498498498499 0.663594282801149
2.998498498498499 0.669253703075976
2.998498498498499 0.669387892857156
2.998498498498499 0.669375686741019
3.000000000000000 0.659180066946936
3.000000000000000 0.659191358493834
3.000000000000000 0.673659668665455
3.000000000000000 0.659258100006161
3.000000000000000 0.673997251759378
3.001501501501501 0.653345841885666
3.001501501501501 0.653344923938997
3.001501501501501 0.653339495974412
3.001501501501501 0.679801312174867
3.001501501501501 0.653368253125227
3.003003003003003 0.648223379645219
3.003003003003003 0.684772031084735
3.003003003003003 0.648224991718532
3.003003003003003 0.648223331476408
3.003003003003003 0.684774542736931
3.004504504504505 0.644064805644721
3.004504504504505 0.688768771006492
3.004504504504505 0.644064754689818
3.004504504504505 0.644064676258043
3.004504504504505 0.688768354259232
3.006006006006006 0.640533428826648
3.006006006006006 0.640533059491866
3.006006006006006 0.640533062565309
3.006006006006006 0.640533056781304
3.006006006006006 0.692134177626556
3.007507507507508 0.637413738181482
3.007507507507508 0.695087499994054
3.007507507507508 0.637413735973068
3.007507507507508 0.637413736300315
3.007507507507508 0.637413735956041
3.009009009009009 0.634588289152747
3.009009009009009 0.697747040628073
3.009009009009009 0.634588288605543
3.009009009009009 0.634588288614921
3.009009009009009 0.634588563803785
3.010510510510510 0.631985792077949
3.010510510510510 0.700183783992274
3.010510510510510 0.631985792066414
3.010510510510510 0.700183783987497
3.010510510510510 0.631985792066862
3.012012012012012 0.702444001759954
3.012012012012012 0.629559986275864
3.012012012012012 0.702444001759974
3.012012012012012 0.629559986275923
3.012012012012012 0.702444001759960
3.013513513513514 0.627278726592787
3.013513513513514 0.627278726592780
3.013513513513514 0.704559838429638
3.013513513513514 0.627278726592780
3.013513513513514 0.704559838429639
3.015015015015015 0.706554705823784
3.015015015015015 0.625118600949135
3.015015015015015 0.706554705823784
3.015015015015015 0.625118600949128
3.015015015015015 0.706554705823784
3.016516516516516 0.623061929322032
3.016516516516516 0.708446283719287
3.016516516516516 0.708446283719287
3.016516516516516 0.708446283719287
3.016516516516516 0.708446283719287
3.018018018018018 0.621094971572929
3.018018018018018 0.621094971572934
3.018018018018018 0.621094971572929
3.018018018018018 0.621094971572929
3.018018018018018 0.710248312009157
3.019519519519520 0.619206797283972
3.019519519519520 0.619206797283972
3.019519519519520 0.619206797283975
3.019519519519520 0.711971720866202
3.019519519519520 0.619206797283972
3.021021021021021 0.713625375322422
3.021021021021021 0.617388541178573
3.021021021021021 0.713625375322422
3.021021021021021 0.617388541178572
3.021021021021021 0.713625375322420
3.022522522522523 0.715216583822022
3.022522522522523 0.715216583822020
3.022522522522523 0.715216583822022
3.022522522522523 0.715216583822022
3.022522522522523 0.715216583822022
3.024024024024024 0.716751456228580
3.024024024024024 0.613933747346395
3.024024024024024 0.613933747346396
3.024024024024024 0.613933747346396
3.024024024024024 0.716751456228580
3.025525525525525 0.718235162422826
3.025525525525525 0.718235162422826
3.025525525525525 0.718235162422825
3.025525525525525 0.718235162422825
3.025525525525525 0.718235162422826
3.027027027027027 0.719672123284525
3.027027027027027 0.719672123284525
3.027027027027027 0.719672123284526
3.027027027027027 0.719672123284525
3.027027027027027 0.610685019572617
3.028528528528529 0.721066154490385
3.028528528528529 0.721066154490385
3.028528528528529 0.721066154490383
3.028528528528529 0.609127201979622
3.028528528528529 0.609127201979622
3.030030030030030 0.722420576640533
3.030030030030030 0.722420576640533
3.030030030030030 0.722420576640534
3.030030030030030 0.607609155767791
3.030030030030030 0.607609155767791
3.031531531531531 0.606127969553327
3.031531531531531 0.606127969553330
3.031531531531531 0.723738300877577
3.031531531531531 0.606127969553330
3.031531531531531 0.723738300877579
3.033033033033033 0.725021896352628
3.033033033033033 0.725021896352628
3.033033033033033 0.604681073944401
3.033033033033033 0.725021896352629
3.033033033033033 0.604681073944401
3.034534534534535 0.603266187733806
3.034534534534535 0.726273644032646
3.034534534534535 0.603266187733806
3.034534534534535 0.726273644032646
3.034534534534535 0.603266187733808
3.036036036036036 0.601881274514787
3.036036036036036 0.727495580084619
3.036036036036036 0.727495580084619
3.036036036036036 0.727495580084619
3.036036036036036 0.601881274514787
3.037537537537538 0.600524507353118
3.037537537537538 0.728689531203481
3.037537537537538 0.728689531203481
3.037537537537538 0.600524507353119
3.037537537537538 0.728689531203481
3.039039039039039 0.729857143640420
3.039039039039039 0.729857143640420
3.039039039039039 0.729857143640420
3.039039039039039 0.599194239758790
3.039039039039039 0.729857143640420
3.040540540540540 0.730999907252763
3.040540540540540 0.730999907252763
3.040540540540540 0.730999907252763
3.040540540540540 0.730999907252764
3.040540540540540 0.730999907252764
3.042042042042042 0.732119175581036
3.042042042042042 0.732119175581036
3.042042042042042 0.596607379206723
3.042042042042042 0.732119175581036
3.042042042042042 0.596607379206724
3.043543543543544 0.595348198131205
3.043543543543544 0.595348198131204
3.043543543543544 0.595348198131205
3.043543543543544 0.733216182727207
3.043543543543544 0.595348198131205
3.045045045045045 0.594110309227917
3.045045045045045 0.594110309227915
3.045045045045045 0.734292057635989
3.045045045045045 0.734292057635990
3.045045045045045 0.594110309227915
3.046546546546546 0.592892676316197
3.046546546546546 0.592892676316197
3.046546546546546 0.735347836251572
3.046546546546546 0.592892676316197
3.046546546546546 0.735347836251572
3.048048048048048 0.591694345810105
3.048048048048048 0.591694345810105
3.048048048048048 0.736384471923885
3.048048048048048 0.591694345810106
3.048048048048048 0.591694345810106
3.049549549549550 0.590514437764001
3.049549549549550 0.737402844363029
3.049549549549550 0.737402844363030
3.049549549549550 0.590514437764001
3.049549549549550 0.590514437764001
3.051051051051051 0.589352138129737
3.051051051051051 0.589352138129737
3.051051051051051 0.738403767382074
3.051051051051051 0.589352138129736
3.051051051051051 0.589352138129736
3.052552552552553 0.739387995622846
3.052552552552553 0.739387995622845
3.052552552552553 0.588206692030869
3.052552552552553 0.739387995622846
3.052552552552553 0.588206692030868
3.054054054054054 0.740356230423401
3.054054054054054 0.740356230423402
3.054054054054054 0.587077397895182
3.054054054054054 0.587077397895182
3.054054054054054 0.740356230423401
3.055555555555555 0.741309124957432
3.055555555555555 0.585963602315295
3.055555555555555 0.741309124957432
3.055555555555555 0.741309124957432
3.055555555555555 0.585963602315296
3.057057057057057 0.584864695529819
3.057057057057057 0.584864695529819
3.057057057057057 0.584864695529819
3.057057057057057 0.584864695529819
3.057057057057057 0.584864695529819
3.058558558558559 0.583780107435879
3.058558558558559 0.743171291680470
3.058558558558559 0.743171291680469
3.058558558558559 0.743171291680470
3.058558558558559 0.743171291680469
3.060060060060060 0.744081667482216
3.060060060060060 0.582709304058511
3.060060060060060 0.582709304058510
3.060060060060060 0.744081667482216
3.060060060060060 0.744081667482216
3.061561561561561 0.581651784414544
3.061561561561561 0.581651784414544
3.061561561561561 0.581651784414544
3.061561561561561 0.581651784414544
3.061561561561561 0.581651784414544
3.063063063063063 0.580607077718352
3.063063063063063 0.745863510516942
3.063063063063063 0.745863510516942
3.063063063063063 0.580607077718353
3.063063063063063 0.580607077718353
3.064564564564565 0.746735891158120
3.064564564564565 0.579574740884996
3.064564564564565 0.579574740884995
3.064564564564565 0.579574740884996
3.064564564564565 0.579574740884996
3.066066066066066 0.578554356292947
3.066066066066066 0.578554356292947
3.066066066066066 0.747596476224193
3.066066066066066 0.747596476224192
3.066066066066066 0.747596476224192
3.067567567567568 0.748445659653175
3.067567567567568 0.577545529774138
3.067567567567568 0.748445659653175
3.067567567567568 0.748445659653175
3.067567567567568 0.748445659653176
3.069069069069069 0.749283813740327
3.069069069069069 0.749283813740327
3.069069069069069 0.749283813740328
3.069069069069069 0.749283813740328
3.069069069069069 0.749283813740327
3.070570570570570 0.750111290772432
3.070570570570570 0.575561080865710
3.070570570570570 0.750111290772431
3.070570570570570 0.750111290772432
3.070570570570570 0.750111290772432
3.072072072072072 0.574584771974352
3.072072072072072 0.574584771974352
3.072072072072072 0.574584771974352
3.072072072072072 0.574584771974352
3.072072072072072 0.750928424506586
3.073573573573574 0.573618645332938
3.073573573573574 0.751735531511224
3.073573573573574 0.573618645332938
3.073573573573574 0.751735531511224
3.073573573573574 0.573618645332938
3.075075075075075 0.572662400115264
3.075075075075075 0.572662400115264
3.075075075075075 0.572662400115264
3.075075075075075 0.572662400115264
3.075075075075075 0.752532912384736
3.076576576576576 0.753320852865081
3.076576576576576 0.571715750356003
3.076576576576576 0.571715750356003
3.076576576576576 0.571715750356003
3.076576576576576 0.571715750356003
3.078078078078078 0.754099624842092
3.078078078078078 0.570778423938396
3.078078078078078 0.754099624842092
3.078078078078078 0.754099624842092
3.078078078078078 0.570778423938396
3.079579579579580 0.754869487282694
3.079579579579580 0.569850161669037
3.079579579579580 0.754869487282694
3.079579579579580 0.569850161669037
3.079579579579580 0.754869487282694
3.081081081081081 0.568930716430734
3.081081081081081 0.568930716430734
3.081081081081081 0.568930716430734
3.081081081081081 0.755630687078038
3.081081081081081 0.568930716430734
3.082582582582583 0.568019852405550
3.082582582582583 0.568019852405550
3.082582582582583 0.756383459820461
3.082582582582583 0.756383459820461
3.082582582582583 0.756383459820461
3.084084084084084 0.757128030517238
3.084084084084084 0.757128030517238
3.084084084084084 0.757128030517238
3.084084084084084 0.757128030517238
3.084084084084084 0.757128030517238
3.085585585585585 0.757864614247327
3.085585585585585 0.757864614247327
3.085585585585585 0.757864614247327
3.085585585585585 0.566222976993549
3.085585585585585 0.566222976993548
3.087087087087087 0.758593416766555
3.087087087087087 0.758593416766555
3.087087087087087 0.565336544322939
3.087087087087087 0.565336544322939
3.087087087087087 0.565336544322939
3.088588588588589 0.759314635066124
3.088588588588589 0.759314635066124
3.088588588588589 0.759314635066124
3.088588588588589 0.564457849134168
3.088588588588589 0.759314635066124
3.090090090090090 0.760028457888764
3.090090090090090 0.760028457888764
3.090090090090090 0.760028457888764
3.090090090090090 0.563586702461090
3.090090090090090 0.563586702461090
3.091591591591591 0.760735066206392
3.091591591591591 0.760735066206392
3.091591591591591 0.562722923108809
3.091591591591591 0.760735066206392
3.091591591591591 0.760735066206392
3.093093093093093 0.561866337211050
3.093093093093093 0.561866337211050
3.093093093093093 0.561866337211050
3.093093093093093 0.761434633662737
3.093093093093093 0.561866337211050
3.094594594594595 0.762127326984013
3.094594594594595 0.561016777819481
3.094594594594595 0.561016777819480
3.094594594594595 0.762127326984013
3.094594594594595 0.561016777819481
3.096096096096096 0.762813306360431
3.096096096096096 0.560174084522207
3.096096096096096 0.560174084522207
3.096096096096096 0.762813306360431
3.096096096096096 0.762813306360432
3.097597597597598 0.763492725801033
3.097597597597598 0.763492725801034
3.097597597597598 0.763492725801033
3.097597597597598 0.763492725801034
3.097597597597598 0.763492725801033
3.099099099099099 0.558508685140559
3.099099099099099 0.764165733464093
3.099099099099099 0.558508685140558
3.099099099099099 0.764165733464093
3.099099099099099 0.764165733464093
3.100600600600600 0.557685687841176
3.100600600600600 0.764832471965120
3.100600600600600 0.764832471965120
3.100600600600600 0.764832471965120
3.100600600600600 0.557685687841176
3.102102102102102 0.556868973610639
3.102102102102102 0.556868973610639
3.102102102102102 0.765493078664289
3.102102102102102 0.556868973610639
3.102102102102102 0.556868973610639
3.103603603603604 0.556058409856050
3.103603603603604 0.556058409856049
3.103603603603604 0.766147685934952
3.103603603603604 0.556058409856050
3.103603603603604 0.766147685934952
3.105105105105105 0.555253868720658
3.105105105105105 0.555253868720658
3.105105105105105 0.555253868720658
3.105105105105105 0.555253868720658
3.105105105105105 0.555253868720658
3.106606606606606 0.767439408240597
3.106606606606606 0.767439408240597
3.106606606606606 0.554455226848818
3.106606606606606 0.767439408240597
3.106606606606606 0.554455226848818
3.108108108108108 0.768076765269026
3.108108108108108 0.553662365165757
3.108108108108108 0.553662365165757
3.108108108108108 0.768076765269026
3.108108108108108 0.768076765269026
3.109609609609610 0.552875168671037
3.109609609609610 0.768708607282609
3.109609609609610 0.768708607282609
3.109609609609610 0.552875168671037
3.109609609609610 0.768708607282609
3.111111111111111 0.552093526244675
3.111111111111111 0.769335045183897
3.111111111111111 0.769335045183897
3.111111111111111 0.769335045183897
3.111111111111111 0.552093526244675
3.112612612612613 0.769956186177555
3.112612612612613 0.769956186177555
3.112612612612613 0.769956186177555
3.112612612612613 0.769956186177555
3.112612612612613 0.769956186177555
3.114114114114114 0.770572133941647
3.114114114114114 0.550546477437331
3.114114114114114 0.550546477437331
3.114114114114114 0.550546477437331
3.114114114114114 0.770572133941647
3.115615615615615 0.549780866632860
3.115615615615615 0.549780866632860
3.115615615615615 0.771182988788827
3.115615615615615 0.549780866632860
3.115615615615615 0.549780866632860
3.117117117117117 0.771788847818168
3.117117117117117 0.549020400736745
3.117117117117117 0.549020400736745
3.117117117117117 0.771788847818168
3.117117117117117 0.549020400736745
3.118618618618619 0.772389805058273
3.118618618618619 0.548264985505039
3.118618618618619 0.772389805058273
3.118618618618619 0.548264985505039
3.118618618618619 0.772389805058273
3.120120120120120 0.772985951602282
3.120120120120120 0.772985951602282
3.120120120120120 0.772985951602282
3.120120120120120 0.547514529629672
3.120120120120120 0.772985951602282
3.121621621621621 0.546768944610998
3.121621621621621 0.773577375735322
3.121621621621621 0.773577375735322
3.121621621621621 0.546768944610998
3.121621621621621 0.546768944610998
3.123123123123123 0.546028144637384
3.123123123123123 0.546028144637384
3.123123123123123 0.774164163054924
3.123123123123123 0.546028144637384
3.123123123123123 0.546028144637384
3.124624624624625 0.545292046471371
3.124624624624625 0.774746396584852
3.124624624624625 0.545292046471371
3.124624624624625 0.774746396584852
3.124624624624625 0.774746396584852
3.126126126126126 0.544560569341974
3.126126126126126 0.544560569341974
3.126126126126126 0.544560569341974
3.126126126126126 0.775324156882811
3.126126126126126 0.775324156882810
3.127627627627628 0.543833634842719
3.127627627627628 0.543833634842719
3.127627627627628 0.543833634842718
3.127627627627628 0.543833634842719
3.127627627627628 0.775897522142399
3.129129129129129 0.543111166835050
3.129129129129129 0.776466568289710
3.129129129129129 0.776466568289710
3.129129129129129 0.776466568289710
3.129129129129129 0.776466568289710
3.130630630630630 0.542393091356763
3.130630630630630 0.777031369074891
3.130630630630630 0.777031369074891
3.130630630630630 0.542393091356763
3.130630630630630 0.542393091356763
3.132132132132132 0.777591996159001
3.132132132132132 0.777591996159001
3.132132132132132 0.541679336535151
3.132132132132132 0.541679336535151
3.132132132132132 0.777591996159001
3.133633633633634 0.778148519196444
3.133633633633634 0.540969832504562
3.133633633633634 0.778148519196444
3.133633633633634 0.540969832504562
3.133633633633634 0.778148519196444
3.135135135135135 0.540264511328109
3.135135135135135 0.540264511328109
3.135135135135135 0.540264511328109
3.135135135135135 0.540264511328109
3.135135135135135 0.778701005913270
3.136636636636636 0.779249522181564
3.136636636636636 0.539563306923271
3.136636636636636 0.779249522181564
3.136636636636636 0.779249522181564
3.136636636636636 0.539563306923271
3.138138138138138 0.538866154991151
3.138138138138138 0.538866154991151
3.138138138138138 0.779794132090189
3.138138138138138 0.779794132090189
3.138138138138138 0.538866154991151
3.139639639639640 0.538172992949174
3.139639639639640 0.780334898012089
3.139639639639640 0.538172992949174
3.139639639639640 0.538172992949174
3.139639639639640 0.538172992949174
3.141141141141141 0.537483759867033
3.141141141141141 0.780871880668340
3.141141141141141 0.537483759867033
3.141141141141141 0.537483759867033
3.141141141141141 0.537483759867033
3.142642642642643 0.536798396405673
3.142642642642643 0.781405139189167
3.142642642642643 0.536798396405673
3.142642642642643 0.781405139189167
3.142642642642643 0.781405139189167
3.144144144144144 0.536116844759156
3.144144144144144 0.781934731172076
3.144144144144144 0.536116844759156
3.144144144144144 0.536116844759156
3.144144144144144 0.536116844759156
3.145645645645645 0.782460712737279
3.145645645645645 0.535439048599236
3.145645645645645 0.782460712737279
3.145645645645645 0.535439048599236
3.145645645645645 0.782460712737279
3.147147147147147 0.782983138580567
3.147147147147147 0.534764953022486
3.147147147147147 0.534764953022486
3.147147147147147 0.782983138580567
3.147147147147147 0.534764953022486
3.148648648648649 0.534094504499849
3.148648648648649 0.534094504499848
3.148648648648649 0.783502062023756
3.148648648648649 0.534094504499849
3.148648648648649 0.783502062023756
3.150150150150150 0.784017535062869
3.150150150150150 0.784017535062869
3.150150150150150 0.533427650828457
3.150150150150150 0.533427650828457
3.150150150150150 0.784017535062869
3.151651651651652 0.784529608414144
3.151651651651652 0.532764341085618
3.151651651651652 0.532764341085618
3.151651651651652 0.532764341085618
3.151651651651652 0.532764341085618
3.153153153153153 0.532104525584835
3.153153153153153 0.785038331558022
3.153153153153153 0.532104525584835
3.153153153153153 0.785038331558022
3.153153153153153 0.532104525584835
3.154654654654655 0.531448155833756
3.154654654654655 0.531448155833756
3.154654654654655 0.531448155833756
3.154654654654655 0.785543752781189
3.154654654654655 0.785543752781189
3.156156156156156 0.530795184493951
3.156156156156156 0.786045919216801
3.156156156156156 0.786045919216801
3.156156156156156 0.786045919216801
3.156156156156156 0.530795184493951
3.157657657657658 0.530145565342418
3.157657657657658 0.530145565342418
3.157657657657658 0.530145565342418
3.157657657657658 0.530145565342418
3.157657657657658 0.530145565342418
3.159159159159159 0.787040670719639
3.159159159159159 0.529499253234733
3.159159159159159 0.529499253234733
3.159159159159159 0.529499253234733
3.159159159159159 0.529499253234733
3.160660660660660 0.528856204069756
3.160660660660660 0.787533344623830
3.160660660660660 0.528856204069756
3.160660660660660 0.787533344623830
3.160660660660660 0.528856204069756
3.162162162162162 0.788022941483510
3.162162162162162 0.528216374755806
3.162162162162162 0.788022941483510
3.162162162162162 0.788022941483510
3.162162162162162 0.788022941483510
3.163663663663664 0.788509503209985
3.163663663663664 0.527579723178245
3.163663663663664 0.527579723178245
3.163663663663664 0.788509503209985
3.163663663663664 0.527579723178245
3.165165165165165 0.788993070768993
3.165165165165165 0.526946208168389
3.165165165165165 0.526946208168389
3.165165165165165 0.526946208168389
3.165165165165165 0.788993070768993
3.166666666666667 0.789473684210526
3.166666666666667 0.526315789473684
3.166666666666667 0.789473684210526
3.166666666666667 0.526315789473684
3.166666666666667 0.526315789473684
3.168168168168168 0.789951382697453
3.168168168168168 0.525688427729087
3.168168168168168 0.525688427729087
3.168168168168168 0.789951382697453
3.168168168168168 0.789951382697453
3.169669669669670 0.790426204532992
3.169669669669670 0.790426204532992
3.169669669669670 0.790426204532992
3.169669669669670 0.790426204532992
3.169669669669670 0.790426204532992
3.171171171171171 0.524442721903805
3.171171171171171 0.524442721903805
3.171171171171171 0.524442721903805
3.171171171171171 0.790898187187104
3.171171171171171 0.524442721903806
3.172672672672673 0.791367367321842
3.172672672672673 0.523824303288664
3.172672672672673 0.791367367321842
3.172672672672673 0.523824303288664
3.172672672672673 0.523824303288664
3.174174174174174 0.791833780815725
3.174174174174174 0.791833780815725
3.174174174174174 0.523208792504994
3.174174174174174 0.523208792504994
3.174174174174174 0.523208792504994
3.175675675675675 0.792297462787156
3.175675675675675 0.522596154234121
3.175675675675675 0.792297462787156
3.175675675675675 0.792297462787156
3.175675675675675 0.522596154234121
3.177177177177177 0.521986353895326
3.177177177177177 0.521986353895326
3.177177177177177 0.792758447616961
3.177177177177177 0.521986353895326
3.177177177177177 0.521986353895326
3.178678678678679 0.793216768970063
3.178678678678679 0.521379357624174
3.178678678678679 0.521379357624174
3.178678678678679 0.521379357624174
3.178678678678679 0.793216768970063
3.180180180180180 0.520775132251646
3.180180180180180 0.793672459816343
3.180180180180180 0.793672459816343
3.180180180180180 0.520775132251645
3.180180180180180 0.520775132251646
3.181681681681682 0.520173645284053
3.181681681681682 0.520173645284053
3.181681681681682 0.794125552450728
3.181681681681682 0.520173645284053
3.181681681681682 0.794125552450728
3.183183183183183 0.794576078512529
3.183183183183183 0.794576078512529
3.183183183183183 0.519574864883698
3.183183183183183 0.794576078512529
3.183183183183183 0.519574864883698
3.184684684684685 0.795024069004075
3.184684684684685 0.518978759850239
3.184684684684685 0.795024069004075
3.184684684684685 0.518978759850239
3.184684684684685 0.518978759850239
3.186186186186186 0.518385299602734
3.186186186186186 0.518385299602734
3.186186186186186 0.518385299602734
3.186186186186186 0.795469554308671
3.186186186186186 0.518385299602734
3.187687687687688 0.517794454162333
3.187687687687688 0.517794454162333
3.187687687687688 0.517794454162333
3.187687687687688 0.795912564207898
3.187687687687688 0.517794454162333
3.189189189189189 0.517206194135588
3.189189189189189 0.796353127898310
3.189189189189189 0.517206194135588
3.189189189189189 0.517206194135588
3.189189189189189 0.796353127898310
3.190690690690690 0.516620490698360
3.190690690690690 0.516620490698360
3.190690690690690 0.516620490698360
3.190690690690690 0.796791274007522
3.190690690690690 0.516620490698360
3.192192192192192 0.797227030609742
3.192192192192192 0.797227030609742
3.192192192192192 0.516037315580287
3.192192192192192 0.797227030609742
3.192192192192192 0.516037315580287
3.193693693693694 0.515456641049795
3.193693693693694 0.797660425240755
3.193693693693694 0.515456641049795
3.193693693693694 0.515456641049795
3.193693693693694 0.797660425240755
3.195195195195195 0.798091484912392
3.195195195195195 0.798091484912392
3.195195195195195 0.798091484912392
3.195195195195195 0.514878439899638
3.195195195195195 0.798091484912392
3.196696696696697 0.514302685432920
3.196696696696697 0.514302685432920
3.196696696696697 0.514302685432920
3.196696696696697 0.798520236126497
3.196696696696697 0.798520236126497
3.198198198198198 0.513729351449610
3.198198198198198 0.513729351449610
3.198198198198198 0.513729351449610
3.198198198198198 0.798946704888418
3.198198198198198 0.798946704888418
3.199699699699700 0.513158412233501
3.199699699699700 0.799370916720042
3.199699699699700 0.513158412233501
3.199699699699700 0.799370916720042
3.199699699699700 0.799370916720042
3.201201201201201 0.512589842539616
3.201201201201201 0.512589842539616
3.201201201201201 0.512589842539616
3.201201201201201 0.512589842539616
3.201201201201201 0.512589842539616
3.202702702702703 0.800212669337799
3.202702702702703 0.800212669337799
3.202702702702703 0.512023617582032
3.202702702702703 0.512023617582032
3.202702702702703 0.512023617582032
3.204204204204204 0.511459713022104
3.204204204204204 0.800630258861682
3.204204204204204 0.800630258861682
3.204204204204204 0.800630258861682
3.204204204204204 0.511459713022104
3.205705705705705 0.801045688953927
3.205705705705705 0.801045688953927
3.205705705705705 0.801045688953927
3.205705705705705 0.801045688953927
3.205705705705705 0.801045688953927
3.207207207207207 0.510338769909088
3.207207207207207 0.510338769909088
3.207207207207207 0.510338769909088
3.207207207207207 0.801458982899901
3.207207207207207 0.510338769909088
3.208708708708709 0.509781684814475
3.208708708708709 0.801870163571112
3.208708708708709 0.801870163571112
3.208708708708709 0.801870163571112
3.208708708708709 0.801870163571112
3.210210210210210 0.509226827013498
3.210210210210210 0.802279253435520
3.210210210210210 0.802279253435520
3.210210210210210 0.802279253435520
3.210210210210210 0.509226827013498
3.211711711711712 0.508674174240331
3.211711711711712 0.508674174240331
3.211711711711712 0.508674174240331
3.211711711711712 0.508674174240331
3.211711711711712 0.508674174240331
3.213213213213213 0.508123704613404
3.213213213213213 0.508123704613404
3.213213213213213 0.803091248657624
3.213213213213213 0.803091248657624
3.213213213213213 0.803091248657624
3.214714714714715 0.507575396626031
3.214714714714715 0.507575396626031
3.214714714714715 0.803494197021797
3.214714714714715 0.507575396626031
3.214714714714715 0.803494197021797
3.216216216216216 0.803895140610552
3.216216216216216 0.803895140610552
3.216216216216216 0.507029229137347
3.216216216216216 0.803895140610552
3.216216216216216 0.803895140610552
3.217717717717718 0.804294100017730
3.217717717717718 0.804294100017730
3.217717717717718 0.506485181363511
3.217717717717718 0.506485181363511
3.217717717717718 0.506485181363511
3.219219219219219 0.505943232869191
3.219219219219219 0.505943232869191
3.219219219219219 0.505943232869191
3.219219219219219 0.505943232869191
3.219219219219219 0.804691095489018
3.220720720720720 0.505403363559304
3.220720720720720 0.805086146930207
3.220720720720720 0.805086146930207
3.220720720720720 0.805086146930207
3.220720720720720 0.805086146930207
3.222222222222222 0.504865553671011
3.222222222222222 0.504865553671011
3.222222222222222 0.504865553671011
3.222222222222222 0.504865553671011
3.222222222222222 0.805479273915196
3.223723723723724 0.805870495693759
3.223723723723724 0.805870495693759
3.223723723723724 0.805870495693759
3.223723723723724 0.504329783765952
3.223723723723724 0.504329783765952
3.225225225225225 0.503796034722711
3.225225225225225 0.503796034722712
3.225225225225225 0.503796034722711
3.225225225225225 0.503796034722712
3.225225225225225 0.503796034722711
3.226726726726727 0.806647299055038
3.226726726726727 0.503264287729513
3.226726726726727 0.806647299055038
3.226726726726727 0.806647299055038
3.226726726726727 0.503264287729513
3.228228228228228 0.502734524277128
3.228228228228228 0.807032917583337
3.228228228228228 0.807032917583337
3.228228228228228 0.502734524277128
3.228228228228228 0.807032917583337
3.229729729729730 0.502206726151993
3.229729729729730 0.502206726151993
3.229729729729730 0.807416704810351
3.229729729729730 0.807416704810351
3.229729729729730 0.502206726151993
3.231231231231231 0.807798678473821
3.231231231231231 0.501680875429525
3.231231231231231 0.807798678473821
3.231231231231231 0.807798678473821
3.231231231231231 0.501680875429525
3.232732732732733 0.501156954467638
3.232732732732733 0.501156954467638
3.232732732732733 0.501156954467638
3.232732732732733 0.808178856029343
3.232732732732733 0.501156954467638
3.234234234234234 0.500634945900441
3.234234234234234 0.808557254656663
3.234234234234234 0.808557254656663
3.234234234234234 0.500634945900441
3.234234234234234 0.500634945900441
3.235735735735735 0.500114832632115
3.235735735735735 0.500114832632115
3.235735735735735 0.500114832632115
3.235735735735735 0.808933891265797
3.235735735735735 0.500114832632115
3.237237237237237 0.809308782502979
3.237237237237237 0.809308782502979
3.237237237237237 0.499596597830973
3.237237237237237 0.499596597830973
3.237237237237237 0.499596597830973
3.238738738738739 0.499080224923676
3.238738738738739 0.809681944756435
3.238738738738739 0.499080224923676
3.238738738738739 0.499080224923676
3.238738738738739 0.499080224923676
3.240240240240240 0.810053394162002
3.240240240240240 0.498565697589620
3.240240240240240 0.498565697589620
3.240240240240240 0.498565697589620
3.240240240240240 0.810053394162002
3.241741741741742 0.810423146608579
3.241741741741742 0.498052999755479
3.241741741741742 0.498052999755479
3.241741741741742 0.498052999755479
3.241741741741742 0.498052999755479
3.243243243243243 0.497542115589896
3.243243243243243 0.810791217743437
3.243243243243243 0.497542115589896
3.243243243243243 0.810791217743437
3.243243243243243 0.497542115589896
3.244744744744745 0.811157622977383
3.244744744744745 0.811157622977383
3.244744744744745 0.497033029498323
3.244744744744745 0.497033029498323
3.244744744744745 0.497033029498323
3.246246246246246 0.811522377489770
3.246246246246246 0.496525726118001
3.246246246246246 0.811522377489770
3.246246246246246 0.811522377489770
3.246246246246246 0.496525726118001
3.247747747747748 0.496020190313080
3.247747747747748 0.811885496233383
3.247747747747748 0.811885496233383
3.247747747747748 0.496020190313080
3.247747747747748 0.496020190313080
3.249249249249250 0.495516407169865
3.249249249249250 0.495516407169865
3.249249249249250 0.812246993939192
3.249249249249250 0.495516407169865
3.249249249249250 0.495516407169865
3.250750750750750 0.495014361992198
3.250750750750750 0.495014361992198
3.250750750750750 0.495014361992198
3.250750750750750 0.812606885120966
3.250750750750750 0.812606885120966
3.252252252252252 0.812965184079777
3.252252252252252 0.494514040296954
3.252252252252252 0.494514040296954
3.252252252252252 0.812965184079777
3.252252252252252 0.812965184079777
3.253753753753754 0.494015427809667
3.253753753753754 0.813321904908377
3.253753753753754 0.494015427809667
3.253753753753754 0.494015427809667
3.253753753753754 0.494015427809667
3.255255255255255 0.813677061495457
3.255255255255255 0.493518510460262
3.255255255255255 0.493518510460262
3.255255255255255 0.813677061495457
3.255255255255255 0.493518510460262
3.256756756756757 0.814030667529804
3.256756756756757 0.814030667529804
3.256756756756757 0.814030667529805
3.256756756756757 0.493023274378909
3.256756756756757 0.814030667529805
3.258258258258258 0.492529705891976
3.258258258258258 0.492529705891976
3.258258258258258 0.492529705891976
3.258258258258258 0.814382736504338
3.258258258258258 0.492529705891976
3.259759759759760 0.492037791518090
3.259759759759760 0.492037791518090
3.259759759759760 0.814733281720049
3.259759759759760 0.492037791518090
3.259759759759760 0.492037791518090
3.261261261261261 0.815082316289837
3.261261261261261 0.491547517964306
3.261261261261261 0.491547517964306
3.261261261261261 0.815082316289837
3.261261261261261 0.491547517964306
3.262762762762763 0.815429853142245
3.262762762762763 0.815429853142245
3.262762762762763 0.491058872122366
3.262762762762763 0.491058872122366
3.262762762762763 0.815429853142245
3.264264264264265 0.815775905025102
3.264264264264265 0.490571841065054
3.264264264264265 0.815775905025102
3.264264264264265 0.490571841065054
3.264264264264265 0.815775905025102
3.265765765765765 0.816120484509071
3.265765765765765 0.490086412042654
3.265765765765765 0.816120484509071
3.265765765765765 0.816120484509071
3.265765765765765 0.490086412042654
3.267267267267267 0.489602572479478
3.267267267267267 0.489602572479478
3.267267267267267 0.489602572479478
3.267267267267267 0.489602572479478
3.267267267267267 0.816463603991110
3.268768768768769 0.489120309970506
3.268768768768769 0.816805275697845
3.268768768768769 0.489120309970506
3.268768768768769 0.816805275697845
3.268768768768769 0.489120309970506
3.270270270270270 0.488639612278084
3.270270270270270 0.488639612278085
3.270270270270270 0.817145511688858
3.270270270270270 0.488639612278085
3.270270270270270 0.817145511688858
3.271771771771772 0.488160467328726
3.271771771771772 0.488160467328726
3.271771771771772 0.488160467328726
3.271771771771772 0.817484323859892
3.271771771771772 0.488160467328726
3.273273273273273 0.817821723945984
3.273273273273273 0.487682863209979
3.273273273273273 0.487682863209979
3.273273273273273 0.487682863209980
3.273273273273273 0.817821723945984
3.274774774774775 0.487206788167375
3.274774774774775 0.818157723524509
3.274774774774775 0.818157723524509
3.274774774774775 0.487206788167375
3.274774774774775 0.818157723524509
3.276276276276276 0.818492334018165
3.276276276276276 0.818492334018165
3.276276276276276 0.818492334018165
3.276276276276276 0.818492334018165
3.276276276276276 0.486732230601450
3.277777777777778 0.486259179064842
3.277777777777778 0.486259179064842
3.277777777777778 0.818825566697869
3.277777777777778 0.486259179064842
3.277777777777778 0.486259179064842
3.279279279279280 0.485787622259456
3.279279279279280 0.485787622259456
3.279279279279280 0.485787622259456
3.279279279279280 0.819157432685599
3.279279279279280 0.819157432685599
3.280780780780781 0.485317549033693
3.280780780780781 0.819487942957153
3.280780780780781 0.819487942957153
3.280780780780781 0.819487942957153
3.280780780780781 0.485317549033693
3.282282282282282 0.484848948379755
3.282282282282282 0.484848948379755
3.282282282282282 0.484848948379755
3.282282282282282 0.819817108344856
3.282282282282282 0.819817108344856
3.283783783783784 0.484381809431002
3.283783783783784 0.820144939540191
3.283783783783784 0.484381809431002
3.283783783783784 0.484381809431002
3.283783783783784 0.820144939540191
3.285285285285285 0.820471447096376
3.285285285285285 0.483916121459383
3.285285285285285 0.820471447096376
3.285285285285285 0.820471447096376
3.285285285285285 0.483916121459383
3.286786786786787 0.483451873872917
3.286786786786787 0.483451873872917
3.286786786786787 0.483451873872917
3.286786786786787 0.820796641430874
3.286786786786787 0.820796641430874
3.288288288288288 0.821120532827852
3.288288288288288 0.482989056213244
3.288288288288288 0.482989056213244
3.288288288288288 0.482989056213244
3.288288288288288 0.821120532827852
3.289789789789790 0.482527658153218
3.289789789789790 0.821443131440575
3.289789789789790 0.821443131440575
3.289789789789790 0.482527658153218
3.289789789789790 0.482527658153218
3.291291291291291 0.482067669494573
3.291291291291291 0.821764447293748
3.291291291291291 0.482067669494573
3.291291291291291 0.482067669494573
3.291291291291291 0.821764447293748
3.292792792792793 0.481609080165630
3.292792792792793 0.822084490285807
3.292792792792793 0.822084490285807
3.292792792792793 0.822084490285807
3.292792792792793 0.481609080165630
3.294294294294295 0.481151880219058
3.294294294294295 0.481151880219058
3.294294294294295 0.481151880219058
3.294294294294295 0.822403270191152
3.294294294294295 0.822403270191152
3.295795795795796 0.822720796662332
3.295795795795796 0.822720796662332
3.295795795795796 0.822720796662332
3.295795795795796 0.480696059829695
3.295795795795796 0.480696059829695
3.297297297297297 0.480241609292406
3.297297297297297 0.823037079232184
3.297297297297297 0.823037079232184
3.297297297297297 0.480241609292406
3.297297297297297 0.480241609292406
3.298798798798799 0.479788519019998
3.298798798798799 0.823352127315915
3.298798798798799 0.479788519019998
3.298798798798799 0.479788519019998
3.298798798798799 0.479788519019998
3.300300300300300 0.823665950213144
3.300300300300300 0.823665950213144
3.300300300300300 0.823665950213144
3.300300300300300 0.479336779541178
3.300300300300300 0.479336779541178
3.301801801801802 0.478886381498560
3.301801801801802 0.823978557109899
3.301801801801802 0.823978557109899
3.301801801801802 0.823978557109899
3.301801801801802 0.478886381498560
3.303303303303303 0.824289957080565
3.303303303303303 0.824289957080565
3.303303303303303 0.478437315646707
3.303303303303303 0.824289957080565
3.303303303303303 0.478437315646707
3.304804804804805 0.477989572850233
3.304804804804805 0.477989572850233
3.304804804804805 0.824600159089795
3.304804804804805 0.477989572850233
3.304804804804805 0.477989572850233
3.306306306306306 0.477543144081926
3.306306306306306 0.477543144081926
3.306306306306306 0.824909171994368
3.306306306306306 0.824909171994368
3.306306306306306 0.824909171994368
3.307807807807808 0.477098020420932
3.307807807807808 0.477098020420932
3.307807807807808 0.477098020420932
3.307807807807808 0.825217004545024
3.307807807807808 0.825217004545024
3.309309309309310 0.825523665388240
3.309309309309310 0.476654193050962
3.309309309309310 0.476654193050962
3.309309309309310 0.825523665388240
3.309309309309310 0.825523665388240
3.310810810810811 0.825829163067981
3.310810810810811 0.476211653258549
3.310810810810811 0.476211653258549
3.310810810810811 0.825829163067981
3.310810810810811 0.476211653258549
3.312312312312312 0.826133506027408
3.312312312312312 0.826133506027408
3.312312312312312 0.826133506027408
3.312312312312312 0.475770392431341
3.312312312312312 0.826133506027408
3.313813813813814 0.475330402056419
3.313813813813814 0.475330402056420
3.313813813813814 0.475330402056419
3.313813813813814 0.475330402056419
3.313813813813814 0.826436702610549
3.315315315315315 0.826738761063936
3.315315315315315 0.826738761063936
3.315315315315315 0.474891673718672
3.315315315315315 0.826738761063936
3.315315315315315 0.474891673718672
3.316816816816817 0.474454199099185
3.316816816816817 0.474454199099185
3.316816816816817 0.474454199099185
3.316816816816817 0.474454199099185
3.316816816816817 0.827039689538207
3.318318318318318 0.827339496089672
3.318318318318318 0.474017969973676
3.318318318318318 0.827339496089672
3.318318318318318 0.827339496089672
3.318318318318318 0.474017969973676
3.319819819819820 0.473582978210959
3.319819819819820 0.473582978210959
3.319819819819820 0.473582978210959
3.319819819819820 0.827638188681850
3.319819819819820 0.827638188681850
3.321321321321321 0.827935775186968
3.321321321321321 0.827935775186968
3.321321321321321 0.473149215771440
3.321321321321321 0.473149215771440
3.321321321321321 0.827935775186968
3.322822822822823 0.828232263387437
3.322822822822823 0.472716674705649
3.322822822822823 0.472716674705649
3.322822822822823 0.472716674705649
3.322822822822823 0.472716674705650
3.324324324324325 0.828527660977290
3.324324324324325 0.828527660977290
3.324324324324325 0.472285347152791
3.324324324324325 0.828527660977290
3.324324324324325 0.828527660977290
3.325825825825826 0.828821975563591
3.325825825825826 0.828821975563591
3.325825825825826 0.471855225339344
3.325825825825826 0.828821975563591
3.325825825825826 0.828821975563591
3.327327327327327 0.829115214667821
3.327327327327327 0.829115214667821
3.327327327327327 0.829115214667821
3.327327327327327 0.829115214667821
3.327327327327327 0.471426301577667
3.328828828828829 0.470998568264653
3.328828828828829 0.470998568264653
3.328828828828829 0.470998568264653
3.328828828828829 0.470998568264653
3.328828828828829 0.470998568264653
3.330330330330330 0.470572017880398
3.330330330330330 0.470572017880398
3.330330330330330 0.470572017880398
3.330330330330330 0.829698496096158
3.330330330330330 0.829698496096158
3.331831831831832 0.470146642986903
3.331831831831832 0.829988553047347
3.331831831831832 0.829988553047347
3.331831831831832 0.829988553047347
3.331831831831832 0.470146642986903
3.333333333333333 0.469722436226800
3.333333333333333 0.469722436226800
3.333333333333333 0.830277563773200
3.333333333333333 0.830277563773200
3.333333333333333 0.469722436226800
3.334834834834835 0.469299390322105
3.334834834834835 0.469299390322105
3.334834834834835 0.830565535387035
3.334834834834835 0.469299390322105
3.334834834834835 0.469299390322105
3.336336336336336 0.830852474924310
3.336336336336336 0.468877498072989
3.336336336336336 0.830852474924310
3.336336336336336 0.830852474924310
3.336336336336336 0.830852474924310
3.337837837837838 0.831138389343815
3.337837837837838 0.831138389343815
3.337837837837838 0.468456752356590
3.337837837837838 0.468456752356590
3.337837837837838 0.831138389343815
3.339339339339340 0.831423285528849
3.339339339339340 0.831423285528849
3.339339339339340 0.468037146125827
3.339339339339340 0.831423285528849
3.339339339339340 0.831423285528849
3.340840840840841 0.467618672408256
3.340840840840841 0.831707170288373
3.340840840840841 0.467618672408256
3.340840840840841 0.467618672408256
3.340840840840841 0.467618672408256
3.342342342342342 0.467201324304936
3.342342342342342 0.467201324304937
3.342342342342342 0.467201324304936
3.342342342342342 0.831990050358137
3.342342342342342 0.467201324304936
3.343843843843844 0.832271932401785
3.343843843843844 0.832271932401785
3.343843843843844 0.832271932401785
3.343843843843844 0.832271932401785
3.343843843843844 0.466785094989325
3.345345345345345 0.832552823011943
3.345345345345345 0.466369977706190
3.345345345345345 0.466369977706190
3.345345345345345 0.466369977706190
3.345345345345345 0.832552823011943
3.346846846846847 0.465955965770550
3.346846846846847 0.465955965770550
3.346846846846847 0.832832728711281
3.346846846846847 0.465955965770550
3.346846846846847 0.465955965770550
3.348348348348348 0.465543052566622
3.348348348348348 0.465543052566622
3.348348348348348 0.465543052566622
3.348348348348348 0.465543052566622
3.348348348348348 0.833111655953557
3.349849849849850 0.465131231546808
3.349849849849850 0.465131231546808
3.349849849849850 0.465131231546808
3.349849849849850 0.465131231546808
3.349849849849850 0.465131231546808
3.351351351351351 0.464720496230680
3.351351351351351 0.833666600543514
3.351351351351351 0.833666600543514
3.351351351351351 0.464720496230680
3.351351351351351 0.833666600543514
3.352852852852853 0.833942630463263
3.352852852852853 0.464310840204001
3.352852852852853 0.464310840204000
3.352852852852853 0.833942630463263
3.352852852852853 0.464310840204001
3.354354354354355 0.834217707072036
3.354354354354355 0.463902257117758
3.354354354354355 0.463902257117758
3.354354354354355 0.834217707072036
3.354354354354355 0.834217707072036
3.355855855855856 0.834491836493996
3.355855855855856 0.834491836493996
3.355855855855856 0.834491836493996
3.355855855855856 0.834491836493996
3.355855855855856 0.834491836493996
3.357357357357357 0.463088284690969
3.357357357357357 0.834765024790248
3.357357357357357 0.834765024790248
3.357357357357357 0.463088284690969
3.357357357357357 0.834765024790248
3.358858858858859 0.835037277959754
3.358858858858859 0.835037277959754
3.358858858858859 0.835037277959754
3.358858858858859 0.835037277959754
3.358858858858859 0.462682882970063
3.360360360360360 0.462278529427066
3.360360360360360 0.835308601940226
3.360360360360360 0.835308601940226
3.360360360360360 0.462278529427066
3.360360360360360 0.462278529427066
3.361861861861862 0.835579002609008
3.361861861861862 0.835579002609008
3.361861861861862 0.461875218025204
3.361861861861862 0.461875218025204
3.361861861861862 0.835579002609008
3.363363363363364 0.835848485783933
3.363363363363364 0.835848485783933
3.363363363363364 0.835848485783933
3.363363363363364 0.461472942787495
3.363363363363364 0.835848485783933
3.364864864864865 0.461071697795903
3.364864864864865 0.461071697795903
3.364864864864865 0.836117057224177
3.364864864864865 0.461071697795903
3.364864864864865 0.836117057224177
3.366366366366366 0.460671477190503
3.366366366366366 0.836384722631085
3.366366366366366 0.460671477190503
3.366366366366366 0.460671477190504
3.366366366366366 0.460671477190502
3.367867867867868 0.836651487648987
3.367867867867868 0.836651487648987
3.367867867867868 0.836651487648987
3.367867867867868 0.460272275168668
3.367867867867868 0.836651487648987
3.369369369369370 0.836917357866003
3.369369369369370 0.459874085984265
3.369369369369370 0.836917357866003
3.369369369369370 0.459874085984265
3.369369369369370 0.836917357866003
3.370870870870871 0.459476903946868
3.370870870870871 0.459476903946868
3.370870870870871 0.837182338814825
3.370870870870871 0.459476903946868
3.370870870870871 0.459476903946868
3.372372372372372 0.459080723420987
3.372372372372372 0.837446435973492
3.372372372372372 0.459080723420987
3.372372372372372 0.837446435973492
3.372372372372372 0.459080723420986
3.373873873873874 0.458685538825304
3.373873873873874 0.837709654766151
3.373873873873874 0.458685538825304
3.373873873873874 0.458685538825304
3.373873873873874 0.458685538825304
3.375375375375375 0.458291344631934
3.375375375375375 0.837972000563796
3.375375375375375 0.458291344631934
3.375375375375375 0.837972000563796
3.375375375375375 0.837972000563796
3.376876876876877 0.838233478685003
3.376876876876877 0.457898135365686
3.376876876876877 0.838233478685003
3.376876876876877 0.457898135365686
3.376876876876877 0.838233478685003
3.378378378378379 0.838494094396650
3.378378378378379 0.838494094396650
3.378378378378379 0.838494094396650
3.378378378378379 0.457505905603350
3.378378378378379 0.838494094396650
3.379879879879880 0.838753852914623
3.379879879879880 0.457114649972983
3.379879879879880 0.457114649972983
3.379879879879880 0.457114649972983
3.379879879879880 0.457114649972983
3.381381381381381 0.456724363153223
3.381381381381381 0.456724363153223
3.381381381381381 0.839012759404503
3.381381381381381 0.839012759404503
3.381381381381381 0.839012759404503
3.382882882882883 0.456335039872601
3.382882882882883 0.456335039872601
3.382882882882883 0.839270818982259
3.382882882882883 0.456335039872601
3.382882882882883 0.839270818982259
3.384384384384385 0.455946674908872
3.384384384384385 0.839528036714908
3.384384384384385 0.839528036714908
3.384384384384385 0.455946674908872
3.384384384384385 0.455946674908872
3.385885885885886 0.839784417621175
3.385885885885886 0.839784417621175
3.385885885885886 0.455559263088360
3.385885885885886 0.455559263088359
3.385885885885886 0.455559263088359
3.387387387387387 0.840039966672142
3.387387387387387 0.455172799285304
3.387387387387387 0.840039966672142
3.387387387387387 0.840039966672142
3.387387387387387 0.455172799285305
3.388888888888889 0.840294688791883
3.388888888888889 0.840294688791883
3.388888888888889 0.454787278421232
3.388888888888889 0.454787278421232
3.388888888888889 0.840294688791883
3.390390390390390 0.840548588858085
3.390390390390390 0.454402695464324
3.390390390390390 0.840548588858085
3.390390390390390 0.454402695464324
3.390390390390390 0.454402695464324
3.391891891891892 0.454019045428808
3.391891891891892 0.454019045428808
3.391891891891892 0.840801671702665
3.391891891891892 0.454019045428808
3.391891891891892 0.840801671702665
3.393393393393394 0.453636323374352
3.393393393393394 0.453636323374352
3.393393393393394 0.453636323374353
3.393393393393394 0.841053942112373
3.393393393393394 0.841053942112373
3.394894894894895 0.453254524405469
3.394894894894895 0.841305404829382
3.394894894894895 0.453254524405470
3.394894894894895 0.453254524405469
3.394894894894895 0.453254524405470
3.396396396396396 0.452873643670936
3.396396396396396 0.452873643670936
3.396396396396396 0.841556064551875
3.396396396396396 0.452873643670937
3.396396396396396 0.841556064551875
3.397897897897898 0.452493676363219
3.397897897897898 0.452493676363222
3.397897897897898 0.452493676363222
3.397897897897898 0.841805925934615
3.397897897897898 0.841805925934615
3.399399399399400 0.842054993589509
3.399399399399400 0.452114617717912
3.399399399399400 0.452114617717911
3.399399399399400 0.452114617717912
3.399399399399400 0.842054993589509
3.400900900900901 0.842303272086165
3.400900900900901 0.451736463013173
3.400900900900901 0.451736463013173
3.400900900900901 0.451736463013173
3.400900900900901 0.842303272086165
3.402402402402402 0.451359207569193
3.402402402402402 0.451359207569192
3.402402402402402 0.451359207569192
3.402402402402402 0.451359207569193
3.402402402402402 0.451359207569193
3.403903903903904 0.450982846747647
3.403903903903904 0.842797479674939
3.403903903903904 0.842797479674939
3.403903903903904 0.842797479674939
3.403903903903904 0.450982846747646
3.405405405405405 0.450607375951173
3.405405405405405 0.843043417699621
3.405405405405405 0.450607375951173
3.405405405405405 0.450607375951173
3.405405405405405 0.843043417699621
3.406906906906907 0.450232790622851
3.406906906906907 0.450232790622851
3.406906906906907 0.450232790622851
3.406906906906907 0.843288584432238
3.406906906906907 0.843288584432238
3.408408408408409 0.843532984238883
3.408408408408409 0.843532984238883
3.408408408408409 0.843532984238883
3.408408408408409 0.843532984238883
3.408408408408409 0.449859086245698
3.409909909909910 0.449486258342154
3.409909909909910 0.843776621446484
3.409909909909910 0.843776621446484
3.409909909909910 0.449486258342154
3.409909909909910 0.449486258342154
3.411411411411411 0.844019500343299
3.411411411411411 0.844019500343298
3.411411411411411 0.844019500343299
3.411411411411411 0.449114302473604
3.411411411411411 0.844019500343299
3.412912912912913 0.448743214239874
3.412912912912913 0.844261625179396
3.412912912912913 0.448743214239874
3.412912912912913 0.844261625179396
3.412912912912913 0.448743214239874
3.414414414414415 0.844503000167137
3.414414414414415 0.448372989278771
3.414414414414415 0.844503000167137
3.414414414414415 0.844503000167139
3.414414414414415 0.844503000167139
3.415915915915916 0.448003623265606
3.415915915915916 0.448003623265606
3.415915915915916 0.844743629481646
3.415915915915916 0.448003623265607
3.415915915915916 0.448003623265606
3.417417417417417 0.447635111912724
3.417417417417417 0.844983517261265
3.417417417417417 0.447635111912726
3.417417417417417 0.844983517261265
3.417417417417417 0.447635111912724
3.418918918918919 0.845222667608013
3.418918918918919 0.447267450969060
3.418918918918919 0.447267450969062
3.418918918918919 0.447267450969062
3.418918918918919 0.845222667608014
3.420420420420420 0.446900636219685
3.420420420420420 0.446900636219687
3.420420420420420 0.845461084588040
3.420420420420420 0.446900636219685
3.420420420420420 0.845461084588040
3.421921921921922 0.845698772232054
3.421921921921922 0.845698772232054
3.421921921921922 0.845698772232054
3.421921921921922 0.446534663485365
3.421921921921922 0.845698772232054
3.423423423423424 0.845935734535764
3.423423423423424 0.845935734535765
3.423423423423424 0.446169528622130
3.423423423423424 0.446169528622131
3.423423423423424 0.446169528622130
3.424924924924925 0.846171975460305
3.424924924924925 0.445805227520843
3.424924924924925 0.445805227520843
3.424924924924925 0.445805227520843
3.424924924924925 0.846171975460305
3.426426426426426 0.445441756106789
3.426426426426426 0.846407498932650
3.426426426426426 0.846407498932651
3.426426426426426 0.846407498932650
3.426426426426426 0.445441756106789
3.427927927927928 0.445079110339245
3.427927927927928 0.445079110339241
3.427927927927928 0.445079110339245
3.427927927927928 0.445079110339245
3.427927927927928 0.445079110339241
3.429429429429430 0.846876409060370
3.429429429429430 0.444717286211084
3.429429429429430 0.444717286211081
3.429429429429430 0.846876409060370
3.429429429429430 0.444717286211084
3.430930930930931 0.444356279748374
3.430930930930931 0.444356279748378
3.430930930930931 0.444356279748374
3.430930930930931 0.444356279748378
3.430930930930931 0.444356279748374
3.432432432432432 0.443996087009991
3.432432432432432 0.443996087009991
3.432432432432432 0.847342495667176
3.432432432432432 0.847342495667176
3.432432432432432 0.443996087009987
3.433933933933934 0.443636704087199
3.433933933933934 0.443636704087195
3.433933933933934 0.847574489616345
3.433933933933934 0.443636704087199
3.433933933933934 0.443636704087199
3.435435435435435 0.443278127103301
3.435435435435435 0.443278127103301
3.435435435435435 0.443278127103306
3.435435435435435 0.847805788980614
3.435435435435435 0.443278127103301
3.436936936936937 0.442920352213262
3.436936936936937 0.442920352213262
3.436936936936937 0.848036397459088
3.436936936936937 0.848036397459086
3.436936936936937 0.848036397459088
3.438438438438439 0.442563375603302
3.438438438438439 0.442563375603302
3.438438438438439 0.848266318719850
3.438438438438439 0.848266318719840
3.438438438438439 0.442563375603302
3.439939939939940 0.442207193491438
3.439939939939940 0.848495556399938
3.439939939939940 0.442207193491518
3.439939939939940 0.848495556400215
3.439939939939940 0.442207193489722
3.441441441441441 0.848724114090600
3.441441441441441 0.441851802094751
3.441441441441441 0.848724114090451
3.441441441441441 0.441851802161449
3.441441441441441 0.848724114123559
3.442942942942943 0.441497198739581
3.442942942942943 0.848951995598810
3.442942942942943 0.441497199487830
3.442942942942943 0.441497198794379
3.442942942942943 0.848951994790645
3.444444444444445 0.441143436537531
3.444444444444445 0.441143315726004
3.444444444444445 0.441143326431860
3.444444444444445 0.849179229120543
3.444444444444445 0.849179226397073
3.445945945945946 0.440788136194011
3.445945945945946 0.440788113309407
3.445945945945946 0.849404849406060
3.445945945945946 0.440788086223422
3.445945945945946 0.849405774803525
3.447447447447447 0.440512237635379
3.447447447447447 0.849600123826345
3.447447447447447 0.849600728837467
3.447447447447447 0.440497428031138
3.447447447447447 0.849603009845105
3.448948948948949 0.440958588906473
3.448948948948949 0.438695462023458
3.448948948948949 0.849288469012225
3.448948948948949 0.850524357003896
3.448948948948949 0.849169082126866
3.450450450450450 0.448245051613362
3.450450450450450 0.851527271483133
3.450450450450450 0.432393118447369
3.450450450450450 0.431750257468069
3.450450450450450 0.846540286911796
3.451951951951952 0.426905143365539
3.451951951951952 0.855428400183246
3.451951951951952 0.844544700372191
3.451951951951952 0.855428400118027
3.451951951951952 0.844544700339923
3.453453453453454 0.856915391110287
3.453453453453454 0.456789949244193
3.453453453453454 0.456789949244677
3.453453453453454 0.856915391113310
3.453453453453454 0.423432775147884
3.454954954954955 0.420589502239388
3.454954954954955 0.858140807062143
3.454954954954955 0.841951698974668
3.454954954954955 0.858140807062143
3.454954954954955 0.459747523787906
3.456456456456456 0.859207996441436
3.456456456456456 0.840944387861844
3.456456456456456 0.859207996441436
3.456456456456456 0.462324984888056
3.456456456456456 0.859207996441436
3.457957957957958 0.840046331677466
3.457957957957958 0.464640597291508
3.457957957957958 0.840046331677464
3.457957957957958 0.860166048363586
3.457957957957958 0.860166048363586
3.459459459459460 0.466761583474048
3.459459459459460 0.839229612175932
3.459459459459460 0.839229612175930
3.459459459459460 0.861042880577203
3.459459459459460 0.861042880577203
3.460960960960961 0.468730498418308
3.460960960960961 0.861856175847251
3.460960960960961 0.861856175847251
3.460960960960961 0.838476546096539
3.460960960960961 0.468730498418310
3.462462462462462 0.470576304949553
3.462462462462462 0.470576304949553
3.462462462462462 0.837775091642477
3.462462462462462 0.470576304949550
3.462462462462462 0.862617975476047
3.463963963963964 0.863336919280119
3.463963963963964 0.408700232858994
3.463963963963964 0.472319773226293
3.463963963963964 0.837116608503957
3.463963963963964 0.863336919280120
3.465465465465465 0.473976400159135
3.465465465465465 0.407156965499831
3.465465465465465 0.407156965499830
3.465465465465465 0.473976400159135
3.465465465465465 0.864019456991069
3.466966966966967 0.475558113457991
3.466966966966967 0.405688477705482
3.466966966966967 0.864670555505789
3.466966966966967 0.405688477705482
3.466966966966967 0.475558113457991
3.468468468468469 0.404285355856402
3.468468468468469 0.865294136954521
3.468468468468469 0.404285355856404
3.468468468468469 0.477074326870589
3.468468468468469 0.835341460857107
3.469969969969970 0.402940015267423
3.469969969969970 0.834803152386694
3.469969969969970 0.402940015267423
3.469969969969970 0.865893363145935
3.469969969969970 0.834803152386694
3.471471471471471 0.479939226541738
3.471471471471471 0.479939226541738
3.471471471471471 0.866470827524637
3.471471471471471 0.401646238002580
3.471471471471471 0.479939226541738
3.472972972972973 0.400398850852100
3.472972972972973 0.400398850852100
3.472972972972973 0.481299304202933
3.472972972972973 0.833790000671938
3.472972972972973 0.867028688946126
3.474474474474475 0.833311177534046
3.474474474474475 0.482617217366407
3.474474474474475 0.399193494772156
3.474474474474475 0.833311177534046
3.474474474474475 0.399193494772157
3.475975975975976 0.832848697366118
3.475975975975976 0.868092614629193
3.475975975975976 0.832848697366118
3.475975975975976 0.398026455905936
3.475975975975976 0.398026455905936
3.477477477477477 0.868601565888111
3.477477477477477 0.832401224197588
3.477477477477477 0.485140887339195
3.477477477477477 0.485140887339196
3.477477477477477 0.832401224197588
3.478978978978979 0.869096780731341
3.478978978978979 0.831967598070963
3.478978978978979 0.395794972182227
3.478978978978979 0.831967598070963
3.478978978978979 0.869096780731341
3.480480480480480 0.831546804092067
3.480480480480480 0.869579273573372
3.480480480480480 0.394725330545436
3.480480480480480 0.394725330545436
3.480480480480480 0.869579273573372
3.481981981981982 0.870049938045896
3.481981981981982 0.870049938045896
3.481981981981982 0.831137948150753
3.481981981981982 0.488688020876827
3.481981981981982 0.393683479780507
3.483483483483484 0.392667528823644
3.483483483483484 0.392667528823644
3.483483483483484 0.870509566284576
3.483483483483484 0.489815731060885
3.483483483483484 0.830740237634129
3.484984984984985 0.830352965931582
3.484984984984985 0.391675792824419
3.484984984984985 0.391675792824419
3.484984984984985 0.870958864424021
3.484984984984985 0.391675792824419
3.486486486486486 0.829975499858018
3.486486486486486 0.871398465174545
3.486486486486486 0.871398465174545
3.486486486486486 0.871398465174545
3.486486486486486 0.491999617963654
3.487987987987988 0.493058661387949
3.487987987987988 0.493058661387949
3.487987987987988 0.493058661387949
3.487987987987988 0.493058661387947
3.487987987987988 0.389759081552170
3.489489489489490 0.872250798261038
3.489489489489490 0.494097450952168
3.489489489489490 0.829247758952624
3.489489489489490 0.829247758952624
3.489489489489490 0.829247758952624
3.490990990990991 0.387922970968374
3.490990990990991 0.495117099782691
3.490990990990991 0.387922970968374
3.490990990990991 0.828896500728239
3.490990990990991 0.872664513046115
3.492492492492492 0.387032415288112
3.492492492492492 0.496118621489763
3.492492492492492 0.496118621489764
3.492492492492492 0.496118621489764
3.492492492492492 0.496118621489763
3.493993993993994 0.873469173603279
3.493993993993994 0.873469173603279
3.493993993993994 0.828217071883276
3.493993993993994 0.497102942217125
3.493993993993994 0.828217071883276
3.495495495495495 0.385301662846448
3.495495495495495 0.498070910877284
3.495495495495495 0.827888153912014
3.495495495495495 0.827888153912014
3.495495495495495 0.385301662846448
3.496996996996997 0.499023307895649
3.496996996996997 0.827565985500333
3.496996996996997 0.874245913367763
3.496996996996997 0.384459837007229
3.496996996996997 0.827565985500333
3.498498498498499 0.874624619263143
3.498498498498499 0.499960852720786
3.498498498498499 0.827250263256881
3.498498498498499 0.827250263256881
3.498498498498499 0.383632732005605
3.500000000000000 0.826940706591439
3.500000000000000 0.382819683017324
3.500000000000000 0.874997263602464
3.500000000000000 0.500884210307218
3.500000000000000 0.874997263602464
3.501501501501501 0.875364106057876
3.501501501501501 0.826637055369255
3.501501501501501 0.826637055369255
3.501501501501501 0.501793996737575
3.501501501501501 0.382020074090124
3.503003003003003 0.381233333246553
3.503003003003003 0.826339067867398
3.503003003003003 0.381233333246553
3.503003003003003 0.826339067867398
3.503003003003003 0.502690784119761
3.504504504504505 0.503575104870291
3.504504504504505 0.876081333740448
3.504504504504505 0.826046518986845
3.504504504504505 0.380458928200632
3.504504504504505 0.380458928200632
3.506006006006006 0.876432153192826
3.506006006006006 0.876432153192826
3.506006006006006 0.876432153192826
3.506006006006006 0.504447455475303
3.506006006006006 0.876432153192826
3.507507507507508 0.505308299805082
3.507507507507508 0.505308299805082
3.507507507507508 0.378945172695626
3.507507507507508 0.378945172695626
3.507507507507508 0.505308299805082
3.509009009009009 0.378204924442152
3.509009009009009 0.506158072045229
3.509009009009009 0.506158072045229
3.509009009009009 0.877119184134352
3.509009009009009 0.877119184134352
3.510510510510510 0.377475210865705
3.510510510510510 0.377475210865705
3.510510510510510 0.824926706605527
3.510510510510510 0.877455751214170
3.510510510510510 0.877455751214170
3.512012012012012 0.376755649765021
3.512012012012012 0.877787905131967
3.512012012012012 0.507826003893632
3.512012012012012 0.507826003893632
3.512012012012012 0.824658455985187
3.513513513513514 0.376045881642154
3.513513513513514 0.376045881642154
3.513513513513514 0.376045881642154
3.513513513513514 0.824394566229102
3.513513513513514 0.376045881642154
3.515015015015015 0.375345567852973
3.515015015015015 0.509454222780950
3.515015015015015 0.824134893439077
3.515015015015015 0.878439573527379
3.515015015015015 0.375345567852973
3.516516516516516 0.510254275428737
3.516516516516516 0.823879301777302
3.516516516516516 0.510254275428737
3.516516516516516 0.823879301777302
3.516516516516516 0.374654388947151
3.518018018018018 0.879075305974400
3.518018018018018 0.511045365287973
3.518018018018018 0.373972043174434
3.518018018018018 0.511045365287973
3.518018018018018 0.373972043174434
3.519519519519520 0.823379855101601
3.519519519519520 0.823379855101601
3.519519519519520 0.511827777887554
3.519519519519520 0.879387512016590
3.519519519519520 0.823379855101601
3.521021021021021 0.372632724572625
3.521021021021021 0.879696099686465
3.521021021021021 0.512601783621930
3.521021021021021 0.823135763389243
3.521021021021021 0.372632724572625
3.522522522522523 0.371975225248192
3.522522522522523 0.513367638854907
3.522522522522523 0.371975225248192
3.522522522522523 0.822895278436502
3.522522522522523 0.880001177806260
3.524024024024024 0.880302849718884
3.524024024024024 0.514125586921961
3.524024024024024 0.514125586921961
3.524024024024024 0.822658296455903
3.524024024024024 0.514125586921961
3.525525525525525 0.880601213669806
3.525525525525525 0.822424718758595
3.525525525525525 0.514875859042222
3.525525525525525 0.514875859042222
3.525525525525525 0.370683329620735
3.527027027027027 0.822194451406112
3.527027027027027 0.370048482427716
3.527027027027027 0.515618675149903
3.527027027027027 0.515618675149903
3.527027027027027 0.515618675149901
3.528528528528529 0.516354244653698
3.528528528528529 0.516354244653698
3.528528528528529 0.516354244653698
3.528528528528529 0.821967404892230
3.528528528528529 0.821967404892230
3.530030030030030 0.368799942203652
3.530030030030030 0.517082767131649
3.530030030030030 0.517082767131649
3.530030030030030 0.368799942203652
3.530030030030030 0.821743493851782
3.531531531531531 0.368185859474049
3.531531531531531 0.368185859474049
3.531531531531531 0.881763395039109
3.531531531531531 0.517804432968038
3.531531531531531 0.881763395039109
3.533033033033033 0.518519423938145
3.533033033033033 0.367578323271980
3.533033033033033 0.367578323271980
3.533033033033033 0.367578323271979
3.533033033033033 0.367578323271979
3.534534534534535 0.366977160025496
3.534534534534535 0.519227913745966
3.534534534534535 0.821089776579889
3.534534534534535 0.519227913745969
3.534534534534535 0.821089776579889
3.536036036036036 0.882604468511330
3.536036036036036 0.519930068519466
3.536036036036036 0.519930068519464
3.536036036036036 0.820877627702680
3.536036036036036 0.820877627702680
3.537537537537538 0.882879396255612
3.537537537537538 0.520626047267358
3.537537537537538 0.520626047267358
3.537537537537538 0.365793295535197
3.537537537537538 0.882879396255612
3.539039039039039 0.521316002301064
3.539039039039039 0.365210283235665
3.539039039039039 0.365210283235665
3.539039039039039 0.883151719675958
3.539039039039039 0.521316002301064
3.540540540540540 0.364633020964962
3.540540540540540 0.883421501110429
3.540540540540540 0.883421501110003
3.540540540540540 0.883421501110278
3.540540540540540 0.522000079621348
3.542042042042042 0.364061363639313
3.542042042042042 0.883688791635901
3.542042042042042 0.364061386945286
3.542042042042042 0.364061349087499
3.542042042042042 0.364061336811094
3.543543543543544 0.363405983497472
3.543543543543544 0.819897272251037
3.543543543543544 0.363408279829142
3.543543543543544 0.883979307178928
3.543543543543544 0.363593374640137
3.545045045045045 0.530465203257561
3.545045045045045 0.816801560342287
3.545045045045045 0.366323184934066
3.545045045045045 0.885283303972217
3.545045045045045 0.816801563758857
3.546546546546546 0.534563638865851
3.546546546546546 0.512340307729346
3.546546546546546 0.512340307729346
3.546546546546546 0.512340307729352
3.546546546546546 0.368026604541449
3.548048048048048 0.826291478657567
3.548048048048048 0.356427519505475
3.548048048048048 0.369180332010730
3.548048048048048 0.813875894807665
3.548048048048048 0.356427519505475
3.549549549549550 0.355151343722149
3.549549549549550 0.887226900150422
3.549549549549550 0.355151343722149
3.549549549549550 0.812913815397778
3.549549549549550 0.539833044941286
3.551051051051051 0.370840625449053
3.551051051051051 0.504505751050117
3.551051051051051 0.812094881221898
3.551051051051051 0.354025387961050
3.551051051051051 0.541878974169949
3.552552552552553 0.371490458075248
3.552552552552553 0.881352841081101
3.552552552552553 0.353003487596027
3.552552552552553 0.811374672608061
3.552552552552553 0.502509682422308
3.554054054054054 0.888511875619159
3.554054054054054 0.830340095967488
3.554054054054054 0.830340095967488
3.554054054054054 0.830340095967488
3.554054054054054 0.830340095967488
3.555555555555555 0.810138654163404
3.555555555555555 0.810138654163404
3.555555555555555 0.888885169321291
3.555555555555555 0.498977195821855
3.555555555555555 0.546894276244311
3.557057057057057 0.373030455594890
3.557057057057057 0.548321590592579
3.557057057057057 0.831920004093004
3.557057057057057 0.831920004093004
3.557057057057057 0.548321590592579
3.558558558558559 0.832647324528808
3.558558558558559 0.880862908371635
3.558558558558559 0.349550970283743
3.558558558558559 0.809091985006194
3.558558558558559 0.889578942775969
3.560060060060060 0.889904714818664
3.560060060060060 0.889904714818664
3.560060060060060 0.494433791369394
3.560060060060060 0.348794439912492
3.560060060060060 0.550930407991172
3.561561561561561 0.552135167612368
3.561561561561561 0.552135167612368
3.561561561561561 0.493061271084004
3.561561561561561 0.890218915593579
3.561561561561561 0.808178280547558
3.563063063063063 0.880649249040668
3.563063063063063 0.553284849983901
3.563063063063063 0.834646486822998
3.563063063063063 0.491744493379267
3.563063063063063 0.890522930940619
3.564564564564565 0.375870320253106
3.564564564564565 0.375870415820232
3.564564564564565 0.834182514761732
3.564564564564565 0.375728340927652
3.564564564564565 0.806902967163515
3.566066066066066 0.482924602789919
3.566066066066066 0.838493389217521
3.566066066066066 0.482924602789919
3.566066066066066 0.805742435977777
3.566066066066066 0.370729900865838
3.567567567567568 0.480094875933403
3.567567567567568 0.501758288456634
3.567567567567568 0.891880862477428
3.567567567567568 0.369022217448615
3.567567567567568 0.379101690884887
3.569069069069069 0.810247296467689
3.569069069069069 0.883791313867525
3.569069069069069 0.560527917553812
3.569069069069069 0.810247296467685
3.569069069069069 0.828714143075499
3.570570570570570 0.378811023097743
3.570570570570570 0.381530025859994
3.570570570570570 0.891036078185253
3.570570570570570 0.473773905607633
3.570570570570570 0.891646208080241
3.572072072072072 0.376991848479551
3.572072072072072 0.348645447911152
3.572072072072072 0.473990628492386
3.572072072072072 0.378385575294118
3.572072072072072 0.379957669859858
3.573573573573574 0.802547566165238
3.573573573573574 0.345794799392292
3.573573573573574 0.508072496633795
3.573573573573574 0.841371366052799
3.573573573573574 0.889596774977914
3.575075075075075 0.385339888911702
3.575075075075075 0.877586123534293
3.575075075075075 0.362953450216782
3.575075075075075 0.558228285815310
3.575075075075075 0.878933481863154
3.576576576576576 0.475388879245511
3.576576576576576 0.568183754174692
3.576576576576576 0.564896829946223
3.576576576576576 0.565094937396857
3.576576576576576 0.342447555821227
3.578078078078078 0.387794758346011
3.578078078078078 0.356849146116421
3.578078078078078 0.810970794535013
3.578078078078078 0.340203216692039
3.578078078078078 0.388133264570589
3.579579579579580 0.352300685177468
3.579579579579580 0.821304450192909
3.579579579579580 0.469385645412609
3.579579579579580 0.472292964552219
3.579579579579580 0.507730062665448
3.581081081081081 0.563934185308065
3.581081081081081 0.802043648315938
3.581081081081081 0.882643090704481
3.581081081081081 0.818854024033172
3.581081081081081 0.821096031045003
3.582582582582583 0.498222742414464
3.582582582582583 0.855617966603653
3.582582582582583 0.874085838982608
3.582582582582583 0.334876451668334
3.582582582582583 0.442577426911769
3.584084084084084 0.571858266203900
3.584084084084084 0.488830982515413
3.584084084084084 0.361252956943906
3.584084084084084 0.577984751047649
3.584084084084084 0.884532015576976
3.585585585585585 0.494459819589342
3.585585585585585 0.433097260780104
3.585585585585585 0.806170910978072
3.585585585585585 0.885374781513283
3.585585585585585 0.447365373811228
3.587087087087087 0.382755088434893
3.587087087087087 0.844526746650046
3.587087087087087 0.559828514118825
3.587087087087087 0.806798241509264
3.587087087087087 0.515266274952102
3.588588588588589 0.886372599798424
3.588588588588589 0.383261575625429
3.588588588588589 0.890308938562810
3.588588588588589 0.795763876653656
3.588588588588589 0.348452168819433
3.590090090090090 0.794249383542861
3.590090090090090 0.389758469694635
3.590090090090090 0.460026544643367
3.590090090090090 0.441842882284015
3.590090090090090 0.817969355192330
3.591591591591592 0.869924592932188
3.591591591591592 0.802232211606047
3.591591591591592 0.897806589693858
3.591591591591592 0.880699300008036
3.591591591591592 0.884656788130469
3.593093093093093 0.514960368895855
3.593093093093093 0.395641580466913
3.593093093093093 0.792406880039035
3.593093093093093 0.410630260058693
3.593093093093093 0.578802323674098
3.594594594594595 0.327485460063487
3.594594594594595 0.399466660546025
3.594594594594595 0.866969882942359
3.594594594594595 0.896326469382931
3.594594594594595 0.439022737505854
3.596096096096096 0.357253041053792
3.596096096096096 0.349119969717357
3.596096096096096 0.854483317920797
3.596096096096096 0.800987533931995
3.596096096096096 0.414024789584490
3.597597597597598 0.325797206595975
3.597597597597598 0.595684600416969
3.597597597597598 0.899161160399392
3.597597597597598 0.884415902309333
3.597597597597598 0.418515724226445
3.599099099099099 0.330829839726230
3.599099099099099 0.566890210697243
3.599099099099099 0.412432889118159
3.599099099099099 0.444985931034299
3.599099099099099 0.456724166350900
3.600600600600600 0.338332752766432
3.600600600600600 0.833628731753007
3.600600600600600 0.885894185897827
3.600600600600600 0.562924561527381
3.600600600600600 0.562923172074262
3.602102102102102 0.899359478440842
3.602102102102102 0.899139792865261
3.602102102102102 0.428420251866306
3.602102102102102 0.900469408468157
3.602102102102102 0.440681550146839
3.603603603603604 0.893878716016309
3.603603603603604 0.455130322970788
3.603603603603604 0.331747695890478
3.603603603603604 0.324106888391924
3.603603603603604 0.900289612691233
3.605105105105105 0.330270671482174
3.605105105105105 0.321678106418316
3.605105105105105 0.357777243534185
3.605105105105105 0.567353042315222
3.605105105105105 0.429636379354012
3.606606606606607 0.320869105153815
3.606606606606607 0.432983648150692
3.606606606606607 0.860124382589019
3.606606606606607 0.320853116050826
3.606606606606607 0.358593215079398
3.608108108108108 0.597737863585500
3.608108108108108 0.829707113494453
3.608108108108108 0.886777013311006
3.608108108108108 0.901041562801056
3.608108108108108 0.847060086290684
3.609609609609610 0.813586626029023
3.609609609609610 0.425066531059246
3.609609609609610 0.370879945987340
3.609609609609610 0.826285514244383
3.609609609609610 0.399070246635489
3.611111111111111 0.543467425419652
3.611111111111111 0.412270197395568
3.611111111111111 0.588130679177327
3.611111111111111 0.610851003243680
3.611111111111111 0.791108582475763
3.612612612612613 0.856235960543672
3.612612612612613 0.349330509306771
3.612612612612613 0.891966830290356
3.612612612612613 0.864373257734189
3.612612612612613 0.316768148938115
3.614114114114114 0.620261608800276
3.614114114114114 0.315505138910299
3.614114114114114 0.343591035957946
3.614114114114114 0.808025335874243
3.614114114114114 0.872148019004695
3.615615615615615 0.457118283697038
3.615615615615615 0.864889189844723
3.615615615615615 0.373867435292983
3.615615615615615 0.868603381172955
3.615615615615615 0.436437013804515
3.617117117117117 0.398063528798110
3.617117117117117 0.360205138533844
3.617117117117117 0.400606844308209
3.617117117117117 0.328558559136038
3.617117117117117 0.332060358370341
3.618618618618619 0.596824602314488
3.618618618618619 0.550911389073438
3.618618618618619 0.777098578351886
3.618618618618619 0.815681987434500
3.618618618618619 0.406689261767984
3.620120120120120 0.386423914122258
3.620120120120120 0.785978285762238
3.620120120120120 0.776971729388553
3.620120120120120 0.332965276130968
3.620120120120120 0.850794990205036
3.621621621621622 0.887451882412016
3.621621621621622 0.901904502778217
3.621621621621622 0.777728932436873
3.621621621621622 0.513308265874800
3.621621621621622 0.792977424417383
3.623123123123123 0.539147947489466
3.623123123123123 0.855577567661372
3.623123123123123 0.841100638366918
3.623123123123123 0.876611536291183
3.623123123123123 0.589238455476751
3.624624624624625 0.795561528605340
3.624624624624625 0.905072539740160
3.624624624624625 0.308738939605818
3.624624624624625 0.599419220657244
3.624624624624625 0.526512557837928
3.626126126126126 0.807012689356764
3.626126126126126 0.489670002121576
3.626126126126126 0.812191682210600
3.626126126126126 0.411611703691902
3.626126126126126 0.782142313824584
3.627627627627628 0.500238569386026
3.627627627627628 0.770756562038361
3.627627627627628 0.834818024601510
3.627627627627628 0.500238569386026
3.627627627627628 0.834818024601510
3.629129129129129 0.642804699729954
3.629129129129129 0.907218502685462
3.629129129129129 0.504192177610304
3.629129129129129 0.642804699729951
3.629129129129129 0.907218502685462
3.630630630630630 0.642667027399392
3.630630630630630 0.510087349584886
3.630630630630630 0.642667027399380
3.630630630630630 0.503220311294751
3.630630630630630 0.768771372558611
3.632132132132132 0.306011225121728
3.632132132132132 0.515836454950992
3.632132132132132 0.640592301623330
3.632132132132132 0.306010974740946
3.632132132132132 0.306011972876043
3.633633633633634 0.636068934184078
3.633633633633634 0.640084561814280
3.633633633633634 0.491911078685139
3.633633633633634 0.766607378719932
3.633633633633634 0.767509085392696
3.635135135135135 0.907357659724360
3.635135135135135 0.482410854118917
3.635135135135135 0.304831962366739
3.635135135135135 0.840004513994747
3.635135135135135 0.640978368599316
3.636636636636637 0.350098448084153
3.636636636636637 0.781110413500374
3.636636636636637 0.598695982384048
3.636636636636637 0.905009341284397
3.636636636636637 0.878026259739648
3.638138138138138 0.842775106142074
3.638138138138138 0.539354154382872
3.638138138138138 0.499738015614745
3.638138138138138 0.836736520639943
3.638138138138138 0.908458923907704
3.639639639639640 0.605966510080194
3.639639639639640 0.657000488126310
3.639639639639640 0.319133170120531
3.639639639639640 0.825577278524076
3.639639639639640 0.873654652416372
3.641141141141141 0.308444723322117
3.641141141141141 0.763490851311001
3.641141141141141 0.813967805786562
3.641141141141141 0.577926565772514
3.641141141141141 0.297664877534200
3.642642642642643 0.875424477386977
3.642642642642643 0.559452478512574
3.642642642642643 0.800676746475976
3.642642642642643 0.343143038728308
3.642642642642643 0.910443891862101
3.644144144144144 0.368710008583080
3.644144144144144 0.817559455213053
3.644144144144144 0.339634079561918
3.644144144144144 0.635695406455351
3.644144144144144 0.785697124316412
3.645645645645645 0.566663672126299
3.645645645645645 0.359561734193958
3.645645645645645 0.909432523658400
3.645645645645645 0.294468229441837
3.645645645645645 0.668646083328781
3.647147147147147 0.293360985605873
3.647147147147147 0.498832509724501
3.647147147147147 0.498831755938525
3.647147147147147 0.576827489086077
3.647147147147147 0.890259635413237
3.648648648648649 0.346577021948345
3.648648648648649 0.908901290811760
3.648648648648649 0.807397562820537
3.648648648648649 0.808459974166478
3.648648648648649 0.904881736705869
3.650150150150150 0.447829592046972
3.650150150150150 0.886719338620430
3.650150150150150 0.857750836741267
3.650150150150150 0.755284597006559
3.650150150150150 0.884139088736923
3.651651651651652 0.304625310446300
3.651651651651652 0.911672137425777
3.651651651651652 0.885512110959133
3.651651651651652 0.382937859571541
3.651651651651652 0.359308657172910
3.653153153153153 0.405136122426954
3.653153153153153 0.822996930117293
3.653153153153153 0.867307114177307
3.653153153153153 0.402515305002765
3.653153153153153 0.289845099184772
3.654654654654655 0.911749089750458
3.654654654654655 0.381547983775503
3.654654654654655 0.385643432257222
3.654654654654655 0.912577555591624
3.654654654654655 0.516471920103114
3.656156156156156 0.749488808110677
3.656156156156156 0.899454139730656
3.656156156156156 0.911725118928282
3.656156156156156 0.613183495362762
3.656156156156156 0.481365002125501
3.657657657657658 0.656283974883202
3.657657657657658 0.622039101173713
3.657657657657658 0.901531249765316
3.657657657657658 0.394233467582861
3.657657657657658 0.897970921183801
3.659159159159159 0.511800521707127
3.659159159159159 0.864353542253658
3.659159159159159 0.691015601498552
3.659159159159159 0.338936740860395
3.659159159159159 0.359045621012875
3.660660660660660 0.299563982546613
3.660660660660660 0.899743813502142
3.660660660660660 0.429381970714204
3.660660660660660 0.348698569713396
3.660660660660660 0.684866375072000
3.662162162162162 0.283182529454562
3.662162162162162 0.499580505243247
3.662162162162162 0.771081146612456
3.662162162162162 0.915539896088438
3.662162162162162 0.698611370698577
3.663663663663664 0.322813706839769
3.663663663663664 0.875553000774425
3.663663663663664 0.757492591335116
3.663663663663664 0.285969475645659
3.663663663663664 0.588436854268162
3.665165165165165 0.898278436359973
3.665165165165165 0.299789501126888
3.665165165165165 0.853852629350979
3.665165165165165 0.475503460928808
3.665165165165165 0.578330564299641
3.666666666666667 0.762090967107521
3.666666666666667 0.777572910216080
3.666666666666667 0.915339003548214
3.666666666666667 0.621141329128887
3.666666666666667 0.623515426832355
3.668168168168168 0.692734223602816
3.668168168168168 0.699389381345776
3.668168168168168 0.553650022356464
3.668168168168168 0.519282259788410
3.668168168168168 0.466567476867630
3.669669669669670 0.321414991828989
3.669669669669670 0.707844791367696
3.669669669669670 0.625111010175177
3.669669669669670 0.647681610800313
3.669669669669670 0.753035303335886
3.671171171171171 0.916336698247643
3.671171171171171 0.916566171599514
3.671171171171171 0.893683337317042
3.671171171171171 0.362346312053781
3.671171171171171 0.909967019583800
3.672672672672673 0.495388776946979
3.672672672672673 0.291607435389970
3.672672672672673 0.404688807156544
3.672672672672673 0.356888644395585
3.672672672672673 0.752230419933973
3.674174174174174 0.276535782226783
3.674174174174174 0.916755505266585
3.674174174174174 0.651745476879850
3.674174174174174 0.625169454464520
3.674174174174174 0.741821928735840
3.675675675675675 0.522517172387566
3.675675675675675 0.681644067249295
3.675675675675675 0.551561950276926
3.675675675675675 0.901937588541128
3.675675675675675 0.695546117657379
3.677177177177177 0.918178957631658
3.677177177177177 0.753408299797002
3.677177177177177 0.797173892107825
3.677177177177177 0.694194198841855
3.677177177177177 0.891888236330076
3.678678678678679 0.392953602990712
3.678678678678679 0.522214794716823
3.678678678678679 0.468655006495945
3.678678678678679 0.725859437134981
3.678678678678679 0.488302051612310
3.680180180180180 0.787524431340757
3.680180180180180 0.298807925738251
3.680180180180180 0.270732662199722
3.680180180180180 0.694983931819861
3.680180180180180 0.794299911390029
3.681681681681682 0.696015402886923
3.681681681681682 0.919984067866905
3.681681681681682 0.757525443815640
3.681681681681682 0.882295480707554
3.681681681681682 0.270277306076131
3.683183183183183 0.359302492110514
3.683183183183183 0.867190520466522
3.683183183183183 0.720749059463866
3.683183183183183 0.887774918225607
3.683183183183183 0.916724352412427
3.684684684684685 0.322293203129376
3.684684684684685 0.727625493855780
3.684684684684685 0.749745072892390
3.684684684684685 0.336149160235226
3.684684684684685 0.590275178295288
3.686186186186186 0.770342388536286
3.686186186186186 0.588304778737376
3.686186186186186 0.917439780246523
3.686186186186186 0.660461496694239
3.686186186186186 0.269449236198692
3.687687687687688 0.720037836316543
3.687687687687688 0.539021183000144
3.687687687687688 0.724953800105432
3.687687687687688 0.908912200166444
3.687687687687688 0.829284213465427
3.689189189189189 0.669729713614158
3.689189189189189 0.920670253931819
3.689189189189189 0.717998977418119
3.689189189189189 0.702327186457038
3.689189189189189 0.922220509907415
3.690690690690690 0.917656374357522
3.690690690690690 0.857944251176757
3.690690690690690 0.840639243344377
3.690690690690690 0.283501986955619
3.690690690690690 0.757240022146932
3.692192192192192 0.754513450733844
3.692192192192192 0.919779111450465
3.692192192192192 0.591783024557358
3.692192192192192 0.848402257063312
3.692192192192192 0.415826410947824
3.693693693693694 0.344062620188331
3.693693693693694 0.627865825314705
3.693693693693694 0.917821603619959
3.693693693693694 0.869620998678339
3.693693693693694 0.746226277489675
3.695195195195195 0.803101895404838
3.695195195195195 0.797565560104448
3.695195195195195 0.921600668639390
3.695195195195195 0.759969874112069
3.695195195195195 0.841486350335742
3.696696696696697 0.774162837038793
3.696696696696697 0.644461647012777
3.696696696696697 0.617217719268786
3.696696696696697 0.887521820524016
3.696696696696697 0.882356469834120
3.698198198198198 0.334146179360254
3.698198198198198 0.358197584296794
3.698198198198198 0.369198328219095
3.698198198198198 0.912885641250926
3.698198198198198 0.275849591711545
3.699699699699700 0.257261163852896
3.699699699699700 0.917400200352695
3.699699699699700 0.760514521471535
3.699699699699700 0.923458179418976
3.699699699699700 0.742951832116919
3.701201201201201 0.857859196085340
3.701201201201201 0.635589211859000
3.701201201201201 0.276327709900339
3.701201201201201 0.467745070557295
3.701201201201201 0.578151358394221
3.702702702702703 0.653227418294173
3.702702702702703 0.836010385895280
3.702702702702703 0.255129990147755
3.702702702702703 0.704772173375575
3.702702702702703 0.925598549127425
3.704204204204204 0.253890309244965
3.704204204204204 0.651838750327124
3.704204204204204 0.772417088830356
3.704204204204204 0.273405344209188
3.704204204204204 0.261039004828410
3.705705705705705 0.651795200030271
3.705705705705705 0.474693898270194
3.705705705705705 0.837506054295738
3.705705705705705 0.868226479369333
3.705705705705705 0.414041655768186
3.707207207207207 0.753836976814279
3.707207207207207 0.504613124917458
3.707207207207207 0.926757357866392
3.707207207207207 0.501864410062220
3.707207207207207 0.609365051805995
3.708708708708709 0.923677318913004
3.708708708708709 0.870215420052773
3.708708708708709 0.511917728408817
3.708708708708709 0.566443974672034
3.708708708708709 0.765976310167970
3.710210210210210 0.766527510860897
3.710210210210210 0.621637932619513
3.710210210210210 0.649958861706136
3.710210210210210 0.805816941807673
3.710210210210210 0.256261497385448
3.711711711711712 0.785672193499306
3.711711711711712 0.747572803941777
3.711711711711712 0.920539227852692
3.711711711711712 0.297469093306253
3.711711711711712 0.254245414275699
3.713213213213213 0.294159594015415
3.713213213213213 0.260956500667206
3.713213213213213 0.619233168811695
3.713213213213213 0.377360942275985
3.713213213213213 0.706434645375917
3.714714714714715 0.751598322069192
3.714714714714715 0.246869402689599
3.714714714714715 0.275955211031182
3.714714714714715 0.730796515493084
3.714714714714715 0.806377708205239
3.716216216216216 0.926148636266334
3.716216216216216 0.819994486433457
3.716216216216216 0.468049268800914
3.716216216216216 0.707170581890891
3.716216216216216 0.390440461278955
3.717717717717718 0.929312279199774
3.717717717717718 0.594283455952727
3.717717717717718 0.896689107307299
3.717717717717718 0.927036343601984
3.717717717717718 0.251051538353370
3.719219219219219 0.801182930814930
3.719219219219219 0.467925183642418
3.719219219219219 0.685094968026354
3.719219219219219 0.825076516412275
3.719219219219219 0.671596922237518
3.720720720720720 0.834229944966829
3.720720720720720 0.340554459197364
3.720720720720720 0.681831750891348
3.720720720720720 0.928640710923942
3.720720720720720 0.583605457894271
3.722222222222222 0.699244019579713
3.722222222222222 0.613758751125045
3.722222222222222 0.658865666608796
3.722222222222222 0.738543862754159
3.722222222222222 0.433785211723312
3.723723723723724 0.259744058345239
3.723723723723724 0.321982868124459
3.723723723723724 0.652666608496153
3.723723723723724 0.842467453944261
3.723723723723724 0.916722554262641
3.725225225225225 0.718945208703421
3.725225225225225 0.792132468141002
3.725225225225225 0.586169913513503
3.725225225225225 0.399864901385962
3.725225225225225 0.809972781518882
3.726726726726727 0.616079287355225
3.726726726726727 0.712600952061023
3.726726726726727 0.696322720327126
3.726726726726727 0.684401603464382
3.726726726726727 0.278416601600688
3.728228228228228 0.237534981744907
3.728228228228228 0.818453683967876
3.728228228228228 0.902179726405443
3.728228228228228 0.585457015070022
3.728228228228228 0.481772476518045
3.729729729729730 0.269852108305135
3.729729729729730 0.883405721069531
3.729729729729730 0.764121422709802
3.729729729729730 0.402109456841026
3.729729729729730 0.730222413357354
3.731231231231231 0.328011733144454
3.731231231231231 0.665537095754834
3.731231231231231 0.683454947823000
3.731231231231231 0.762567033354058
3.731231231231231 0.913050347211973
3.732732732732733 0.890148649787359
3.732732732732733 0.315471763415657
3.732732732732733 0.684846120362193
3.732732732732733 0.829612809771631
3.732732732732733 0.649904701331918
3.734234234234235 0.691197994634435
3.734234234234235 0.250698551235998
3.734234234234235 0.825570604008166
3.734234234234235 0.852138964721624
3.734234234234235 0.678667781612377
3.735735735735735 0.743196588599985
3.735735735735735 0.924294927007889
3.735735735735735 0.773916807891027
3.735735735735735 0.766891365435536
3.735735735735735 0.635835546821014
3.737237237237237 0.857077145068541
3.737237237237237 0.928622966737826
3.737237237237237 0.231924848494573
3.737237237237237 0.285148551860162
3.737237237237237 0.700698802767429
3.738738738738739 0.658598042203938
3.738738738738739 0.228255890586614
3.738738738738739 0.658598042203938
3.738738738738739 0.500850413793401
3.738738738738739 0.840642921790696
3.740240240240240 0.495504191091506
3.740240240240240 0.495504191091512
3.740240240240240 0.657045862758177
3.740240240240240 0.657045862758177
3.740240240240240 0.842813007662815
3.741741741741742 0.654498499137678
3.741741741741742 0.935434472358743
3.741741741741742 0.227989878781331
3.741741741741742 0.227989878781331
3.741741741741742 0.846120859910508
3.743243243243243 0.841460620184797
3.743243243243243 0.935184472967329
3.743243243243243 0.662097542693667
3.743243243243243 0.934359739106837
3.743243243243243 0.499131374477942
3.744744744744745 0.305865224658204
3.744744744744745 0.386838857397653
3.744744744744745 0.667860687484307
3.744744744744745 0.935547028968139
3.744744744744745 0.833951897495188
3.746246246246246 0.655492715954246
3.746246246246246 0.935844466133674
3.746246246246246 0.222701308222381
3.746246246246246 0.804349746092128
3.746246246246246 0.637732947094092
3.747747747747748 0.328201206384252
3.747747747747748 0.876581431663653
3.747747747747748 0.492875320426488
3.747747747747748 0.657115966155277
3.747747747747748 0.924906922369193
3.749249249249250 0.923694341780549
3.749249249249250 0.346475199439477
3.749249249249250 0.927004353874426
3.749249249249250 0.220565206057884
3.749249249249250 0.843117384338752
3.750750750750750 0.934432587535102
3.750750750750750 0.937685412308897
3.750750750750750 0.935791303190757
3.750750750750750 0.225020799485244
3.750750750750750 0.710621201361962
3.752252252252252 0.598371561961953
3.752252252252252 0.931441255175137
3.752252252252252 0.262141903370370
3.752252252252252 0.219502671124204
3.752252252252252 0.927250592173981
3.753753753753754 0.783554065624172
3.753753753753754 0.867239437740183
3.753753753753754 0.715985522535431
3.753753753753754 0.914456719367330
3.753753753753754 0.898511433507771
3.755255255255255 0.635603220249190
3.755255255255255 0.865326251595823
3.755255255255255 0.853691385543951
3.755255255255255 0.796029927838149
3.755255255255255 0.427003253476053
3.756756756756757 0.383921290757551
3.756756756756757 0.922639942280648
3.756756756756757 0.259550551083594
3.756756756756757 0.715847812874674
3.756756756756757 0.645095117704534
3.758258258258258 0.938430370260604
3.758258258258258 0.798548277306750
3.758258258258258 0.602364019019114
3.758258258258258 0.596839907528487
3.758258258258258 0.649030434450592
3.759759759759760 0.264255313012211
3.759759759759760 0.835073587904727
3.759759759759760 0.685946183333178
3.759759759759760 0.310545243950650
3.759759759759760 0.628980030912999
3.761261261261261 0.900002850222894
3.761261261261261 0.338504937136593
3.761261261261261 0.880250401049457
3.761261261261261 0.338504937136593
3.761261261261261 0.880250401049457
3.762762762762763 0.794741272691714
3.762762762762763 0.936085389923864
3.762762762762763 0.905192188397102
3.762762762762763 0.261528822240007
3.762762762762763 0.857383861809079
3.764264264264265 0.565336894390053
3.764264264264265 0.535349657053188
3.764264264264265 0.516900541959782
3.764264264264265 0.938859554660097
3.764264264264265 0.934928858623447
3.765765765765765 0.805292234874386
3.765765765765765 0.727447463709975
3.765765765765765 0.648921546462933
3.765765765765765 0.887666592828484
3.765765765765765 0.932697468553788
3.767267267267267 0.574135903571870
3.767267267267267 0.334375465592097
3.767267267267267 0.266289907684836
3.767267267267267 0.902417222048009
3.767267267267267 0.364404709616996
3.768768768768769 0.892329048296958
3.768768768768769 0.601848295723502
3.768768768768769 0.794416673612270
3.768768768768769 0.288334555437394
3.768768768768769 0.754639513382890
3.770270270270270 0.892930505656866
3.770270270270270 0.741987772657167
3.770270270270270 0.810118807033983
3.770270270270270 0.466744213103072
3.770270270270270 0.403617401071220
3.771771771771772 0.610230006198718
3.771771771771772 0.387642390105704
3.771771771771772 0.940438705526811
3.771771771771772 0.886542321334903
3.771771771771772 0.866148554654319
3.773273273273273 0.734199678817348
3.773273273273273 0.232528873800276
3.773273273273273 0.721896922989927
3.773273273273273 0.215134961765827
3.773273273273273 0.895764381557646
3.774774774774775 0.901025731829206
3.774774774774775 0.901334735332480
3.774774774774775 0.605429289561875
3.774774774774775 0.497178572732513
3.774774774774775 0.606627555690211
3.776276276276276 0.894419424527038
3.776276276276276 0.830342737657085
3.776276276276276 0.604601046712733
3.776276276276276 0.943715591662804
3.776276276276276 0.647843675685019
3.777777777777778 0.209830398747961
3.777777777777778 0.523074793176298
3.777777777777778 0.944444402480991
3.777777777777778 0.509101569207912
3.777777777777778 0.502658542416075
3.779279279279280 0.745713831695821
3.779279279279280 0.635029116826630
3.779279279279280 0.276661352883739
3.779279279279280 0.792411262643859
3.779279279279280 0.658187615933318
3.780780780780781 0.943071861497351
3.780780780780781 0.500498871307022
3.780780780780781 0.936177342406803
3.780780780780781 0.873249403338423
3.780780780780781 0.240346246164392
3.782282282282282 0.614763848437615
3.782282282282282 0.847534927687474
3.782282282282282 0.883982831850841
3.782282282282282 0.944778034741988
3.782282282282282 0.349922640237057
3.783783783783784 0.229841855607767
3.783783783783784 0.820430503562240
3.783783783783784 0.507372933627103
3.783783783783784 0.928982689320944
3.783783783783784 0.575903655852622
3.785285285285285 0.294386427383048
3.785285285285285 0.640874075107410
3.785285285285285 0.213629636760926
3.785285285285285 0.346733241677740
3.785285285285285 0.408154961330481
3.786786786786787 0.872156169109835
3.786786786786787 0.737742281088326
3.786786786786787 0.732825859782200
3.786786786786787 0.581505816034074
3.786786786786787 0.942631592007212
3.788288288288288 0.699328833485082
3.788288288288288 0.644806103439579
3.788288288288288 0.883871006608843
3.788288288288288 0.799045571637896
3.788288288288288 0.211559225761972
3.789789789789790 0.364970475639768
3.789789789789790 0.382410916978203
3.789789789789790 0.437602591555739
3.789789789789790 0.763212836312297
3.789789789789790 0.312230187446241
3.791291291291291 0.588220838581451
3.791291291291291 0.707524533102992
3.791291291291291 0.947099516495956
3.791291291291291 0.915368252693716
3.791291291291291 0.947418412050769
3.792792792792793 0.942677214336526
3.792792792792793 0.414816884762502
3.792792792792793 0.941302810328723
3.792792792792793 0.620387387304121
3.792792792792793 0.705117209831823
3.794294294294295 0.878130834217255
3.794294294294295 0.253837870514144
3.794294294294295 0.428059722202146
3.794294294294295 0.894798036513789
3.794294294294295 0.931185155784690
3.795795795795796 0.743057298085902
3.795795795795796 0.946259499358503
3.795795795795796 0.814817474499546
3.795795795795796 0.948939123758689
3.795795795795796 0.187813275387286
3.797297297297297 0.376168964407440
3.797297297297297 0.627038231525690
3.797297297297297 0.279831317479257
3.797297297297297 0.688169133211172
3.797297297297297 0.459345862464023
3.798798798798799 0.412511416145289
3.798798798798799 0.682477780539751
3.798798798798799 0.700383847372581
3.798798798798799 0.705317087198246
3.798798798798799 0.911840378257136
3.800300300300300 0.201584904845827
3.800300300300300 0.943621128762570
3.800300300300300 0.950069608082478
3.800300300300300 0.749111724649105
3.800300300300300 0.840759660256626
3.801801801801802 0.529527754764321
3.801801801801802 0.475262552883654
3.801801801801802 0.834220394793705
3.801801801801802 0.324925615470792
3.801801801801802 0.690612519292901
3.803303303303303 0.551018959443475
3.803303303303303 0.183311165777374
3.803303303303303 0.869148644589348
3.803303303303303 0.847172178841081
3.803303303303303 0.196393379132372
3.804804804804805 0.852320641654371
3.804804804804805 0.689644230752044
3.804804804804805 0.864052962133975
3.804804804804805 0.214219241119933
3.804804804804805 0.873220573905626
3.806306306306306 0.934288454006083
3.806306306306306 0.314257780384641
3.806306306306306 0.188444309300107
3.806306306306306 0.950856755988766
3.806306306306306 0.251388824363352
3.807807807807808 0.951099316646495
3.807807807807808 0.946856920936155
3.807807807807808 0.615385894145298
3.807807807807808 0.359178058434881
3.807807807807808 0.905195715007610
3.809309309309310 0.473064179099294
3.809309309309310 0.544199125956089
3.809309309309310 0.221932364100735
3.809309309309310 0.881976114063696
3.809309309309310 0.556969049797455
3.810810810810811 0.416426162220344
3.810810810810811 0.577193697268760
3.810810810810811 0.173742053981717
3.810810810810811 0.942300788181867
3.810810810810811 0.912538100049754
3.812312312312312 0.171281183275661
3.812312312312312 0.944512254462722
3.812312312312312 0.923279351052623
3.812312312312312 0.581763370237283
3.812312312312312 0.948889151636935
3.813813813813814 0.933431065034161
3.813813813813814 0.711849300876841
3.813813813813814 0.599594437859583
3.813813813813814 0.952016218877302
3.813813813813814 0.484320399488417
3.815315315315315 0.950550142954667
3.815315315315315 0.199121979917326
3.815315315315315 0.734007986687529
3.815315315315315 0.810857628945554
3.815315315315315 0.576720395592211
3.816816816816817 0.953955181166633
3.816816816816817 0.179186372987207
3.816816816816817 0.223368678158541
3.816816816816817 0.914769382079085
3.816816816816817 0.725411785843134
3.818318318318318 0.206056785613534
3.818318318318318 0.922186753530427
3.818318318318318 0.934986842738124
3.818318318318318 0.674812878947515
3.818318318318318 0.457865340050143
3.819819819819820 0.748797477307399
3.819819819819820 0.182938546958454
3.819819819819820 0.173087640592310
3.819819819819820 0.922456017238808
3.819819819819820 0.558011709503015
3.821321321321321 0.195853659933955
3.821321321321321 0.307440278664227
3.821321321321321 0.448202790036966
3.821321321321321 0.943308355650332
3.821321321321321 0.888289889697630
3.822822822822823 0.337818088917018
3.822822822822823 0.950852049050308
3.822822822822823 0.695672060572532
3.822822822822823 0.184941160784610
3.822822822822823 0.932344892724311
3.824324324324325 0.222535989825277
3.824324324324325 0.919297973109442
3.824324324324325 0.954965779761368
3.824324324324325 0.939195852444651
3.824324324324325 0.726896587345312
3.825825825825826 0.627644817689524
3.825825825825826 0.161496418063088
3.825825825825826 0.542849127476501
3.825825825825826 0.161816969427927
3.825825825825826 0.436277980430617
3.827327327327327 0.558624304835210
3.827327327327327 0.612470885275118
3.827327327327327 0.945883527236973
3.827327327327327 0.596035060006535
3.827327327327327 0.956416896255942
3.828828828828829 0.956864293412988
3.828828828828829 0.956864293412988
3.828828828828829 0.509463668130814
3.828828828828829 0.509463668130818
3.828828828828829 0.509463668130814
3.830330330330330 0.503695551284113
3.830330330330330 0.503695551284113
3.830330330330330 0.155764407679424
3.830330330330330 0.155764407679424
3.830330330330330 0.503695551284113
3.831831831831832 0.500088414213583
3.831831831831832 0.154325249739337
3.831831831831832 0.500088414213583
3.831831831831832 0.500088414213583
3.831831831831832 0.500088414213583
3.833333333333333 0.958303723950608
3.833333333333333 0.497220757873452
3.833333333333333 0.153171170349853
3.833333333333333 0.497220757873452
3.833333333333333 0.153171170349853
3.834834834834835 0.152176556679174
3.834834834834835 0.494765989060117
3.834834834834835 0.958603653904947
3.834834834834835 0.494765989060117
3.834834834834835 0.958603653904947
3.836336336336336 0.151287672009555
3.836336336336336 0.492584481900335
3.836336336336336 0.151287672009556
3.836336336336336 0.492584481900335
3.836336336336336 0.958873124299258
3.837837837837838 0.959120430504600
3.837837837837838 0.150475597341740
3.837837837837838 0.490601142064512
3.837837837837838 0.150475597341740
3.837837837837838 0.959120430504600
3.839339339339340 0.149722641656751
3.839339339339340 0.959350649743601
3.839339339339340 0.959350649743601
3.839339339339340 0.149722641656753
3.839339339339340 0.959350649743601
3.840840840840841 0.149017044566505
3.840840840840841 0.487060733385794
3.840840840840841 0.149017044596593
3.840840840840841 0.149017044602387
3.840840840840841 0.149017044569855
3.842342342342342 0.151339372211030
3.842342342342342 0.958925626650105
3.842342342342342 0.958925626650106
3.842342342342342 0.493494184392872
3.842342342342342 0.479214970564750
3.843843843843844 0.153055646000144
3.843843843843844 0.153055646000144
3.843843843843844 0.960949536360296
3.843843843843844 0.144242257986221
3.843843843843844 0.498275998472545
3.845345345345345 0.501633561786328
3.845345345345345 0.501633561786332
3.845345345345345 0.501633561786332
3.845345345345345 0.501633561786328
3.845345345345345 0.154243074455465
3.846846846846847 0.504379185818668
3.846846846846847 0.468441380010224
3.846846846846847 0.504379185818668
3.846846846846847 0.961637939697104
3.846846846846847 0.957880458075258
3.848348348348348 0.140370525167377
3.848348348348348 0.468992230351258
3.848348348348348 0.153477463958779
3.848348348348348 0.142045317593041
3.848348348348348 0.499985622155981
3.849849849849850 0.139097369456044
3.849849849849850 0.962210882357812
3.849849849849850 0.508216180145455
3.849849849849850 0.959013782596771
3.849849849849850 0.509530132537049
3.851351351351351 0.959557396123151
3.851351351351351 0.155858977435131
3.851351351351351 0.962587378908261
3.851351351351351 0.491316593372310
3.851351351351351 0.960719513391841
3.852852852852853 0.957320402076754
3.852852852852853 0.961644464645853
3.852852852852853 0.959953701100940
3.852852852852853 0.457698327542347
3.852852852852853 0.963108540117197
3.854354354354355 0.136096669164067
3.854354354354355 0.538316848863280
3.854354354354355 0.500139028088102
3.854354354354355 0.963330222409430
3.854354354354355 0.490865715730214
3.855855855855856 0.961839230639270
3.855855855855856 0.962620758397270
3.855855855855856 0.957742061299826
3.855855855855856 0.137946307452208
3.855855855855856 0.956754395835395
3.857357357357357 0.963927114309012
3.857357357357357 0.556306710670226
3.857357357357357 0.136787280162843
3.857357357357357 0.845593184933879
3.857357357357357 0.483271159748857
3.858858858858859 0.940143690069034
3.858858858858859 0.964709997803851
3.858858858858859 0.131445275910916
3.858858858858859 0.589930268066542
3.858858858858859 0.177058219856057
3.860360360360360 0.143331550919681
3.860360360360360 0.441899591556025
3.860360360360360 0.178552609382761
3.860360360360360 0.965083784935923
3.860360360360360 0.957917410905890
3.861861861861862 0.273549101006738
3.861861861861862 0.948251949955878
3.861861861861862 0.464000356081033
3.861861861861862 0.290643978087326
3.861861861861862 0.941410947003451
3.863363363363363 0.934543030422293
3.863363363363363 0.956780131444634
3.863363363363363 0.709464299664104
3.863363363363363 0.509264867717075
3.863363363363363 0.172617114762115
3.864864864864865 0.595473400162857
3.864864864864865 0.231456947368446
3.864864864864865 0.382939456809176
3.864864864864865 0.191866333552823
3.864864864864865 0.883042952886529
3.866366366366366 0.426051390743035
3.866366366366366 0.540237012270291
3.866366366366366 0.529550625587985
3.866366366366366 0.636669314460735
3.866366366366366 0.465075107143199
3.867867867867868 0.497307045304009
3.867867867867868 0.190088704941754
3.867867867867868 0.515174768296895
3.867867867867868 0.222544989289983
3.867867867867868 0.943306651068176
3.869369369369370 0.958426846027023
3.869369369369370 0.458273906298819
3.869369369369370 0.894601687195869
3.869369369369370 0.946841075631225
3.869369369369370 0.432688612761669
3.870870870870871 0.419277633087847
3.870870870870871 0.916212096236916
3.870870870870871 0.955211413616069
3.870870870870871 0.876564969801395
3.870870870870871 0.954245683788780
3.872372372372372 0.486046967394851
3.872372372372372 0.691919516196284
3.872372372372372 0.953710987170007
3.872372372372372 0.935764597000221
3.872372372372372 0.966585152295479
3.873873873873874 0.135080544351461
3.873873873873874 0.447682349964197
3.873873873873874 0.242731980268618
3.873873873873874 0.968220660662146
3.873873873873874 0.118559332920843
3.875375375375375 0.964528792505427
3.875375375375375 0.122529598444146
3.875375375375375 0.921100099636761
3.875375375375375 0.937505990251979
3.875375375375375 0.968839858333531
3.876876876876877 0.154876786289259
3.876876876876877 0.575880782932234
3.876876876876877 0.161964719939653
3.876876876876877 0.733371731349486
3.876876876876877 0.242779946160524
3.878378378378378 0.201704266504583
3.878378378378378 0.958807152888067
3.878378378378378 0.938576718654734
3.878378378378378 0.634901491175107
3.878378378378378 0.450827781302816
3.879879879879880 0.569271566561445
3.879879879879880 0.686989739024188
3.879879879879880 0.143563792862326
3.879879879879880 0.278502914520881
3.879879879879880 0.127565223370848
3.881381381381381 0.946521851686109
3.881381381381381 0.957343886746992
3.881381381381381 0.948707623353860
3.881381381381381 0.969900444015442
3.881381381381381 0.967233599594627
3.882882882882883 0.958315535009816
3.882882882882883 0.112070894647853
3.882882882882883 0.904171531422133
3.882882882882883 0.885706147721987
3.882882882882883 0.547524316881446
3.884384384384385 0.694782116473663
3.884384384384385 0.776003598516875
3.884384384384385 0.688353789249336
3.884384384384385 0.648934640057005
3.884384384384385 0.969781648134835
3.885885885885886 0.524729677124320
3.885885885885886 0.971470033939410
3.885885885885886 0.121279928153618
3.885885885885886 0.742653694083012
3.885885885885886 0.109801641902609
3.887387387387387 0.521140435321539
3.887387387387387 0.923963339653661
3.887387387387387 0.331522208213292
3.887387387387387 0.834084354013594
3.887387387387387 0.228921368335081
3.888888888888889 0.876645349530979
3.888888888888889 0.556039939418795
3.888888888888889 0.392453905780623
3.888888888888889 0.905264174995402
3.888888888888889 0.512028913539788
3.890390390390390 0.168028721222655
3.890390390390390 0.112682430394970
3.890390390390390 0.405260439381431
3.890390390390390 0.413757477601064
3.890390390390390 0.291417057898694
3.891891891891892 0.907877666545523
3.891891891891892 0.965526148950892
3.891891891891892 0.193668221809466
3.891891891891892 0.962202938539861
3.891891891891892 0.921044356787994
3.893393393393393 0.888090671444578
3.893393393393393 0.677210112959373
3.893393393393393 0.353556685007138
3.893393393393393 0.171491199538619
3.893393393393393 0.968681235797174
3.894894894894895 0.102095410673373
3.894894894894895 0.973016286099546
3.894894894894895 0.099657365792470
3.894894894894895 0.552241035078048
3.894894894894895 0.126487728206808
3.896396396396396 0.729337434421652
3.896396396396396 0.359377024632300
3.896396396396396 0.412984323971410
3.896396396396396 0.417028863468424
3.896396396396396 0.139454745663205
3.897897897897898 0.592078075396426
3.897897897897898 0.951870982220620
3.897897897897898 0.352308274997437
3.897897897897898 0.962316681300296
3.897897897897898 0.769909307695382
3.899399399399400 0.577868213971742
3.899399399399400 0.936126232328972
3.899399399399400 0.955043674925976
3.899399399399400 0.182099250790747
3.899399399399400 0.798209791580348
3.900900900900901 0.602680035426634
3.900900900900901 0.450803538630398
3.900900900900901 0.919499892858435
3.900900900900901 0.470474406319976
3.900900900900901 0.823171081808377
3.902402402402402 0.284494650232518
3.902402402402402 0.839044094741287
3.902402402402402 0.875332719422129
3.902402402402402 0.419056347485043
3.902402402402402 0.598413537836121
3.903903903903904 0.945090008137285
3.903903903903904 0.936278504195881
3.903903903903904 0.348494438496582
3.903903903903904 0.342064137161216
3.903903903903904 0.372391119726488
3.905405405405405 0.916025115557463
3.905405405405405 0.090748453337504
3.905405405405405 0.892903324410582
3.905405405405405 0.213906528068472
3.905405405405405 0.466173982106168
3.906906906906907 0.845068275437469
3.906906906906907 0.869958403925549
3.906906906906907 0.848211078089037
3.906906906906907 0.776784047089562
3.906906906906907 0.711182649709667
3.908408408408408 0.668149729657566
3.908408408408408 0.111011752093610
3.908408408408408 0.097996981166428
3.908408408408408 0.929808118587137
3.908408408408408 0.313484658769743
3.909909909909910 0.932323450686056
3.909909909909910 0.130778135673580
3.909909909909910 0.227928663610426
3.909909909909910 0.391836931450828
3.909909909909910 0.314304706166113
3.911411411411411 0.859770987233953
3.911411411411411 0.977391634395384
3.911411411411411 0.908780202271844
3.911411411411411 0.966502401516811
3.911411411411411 0.558889062145592
3.912912912912913 0.106500589325760
3.912912912912913 0.164859924586187
3.912912912912913 0.916316366458890
3.912912912912913 0.227552128088859
3.912912912912913 0.542231392695222
3.914414414414415 0.345005461538882
3.914414414414415 0.945277338914238
3.914414414414415 0.514794633920379
3.914414414414415 0.966810743891823
3.914414414414415 0.382417198254199
3.915915915915916 0.947010669936384
3.915915915915916 0.550049469922909
3.915915915915916 0.930892436386623
3.915915915915916 0.666462441547085
3.915915915915916 0.242041066450153
3.917417417417417 0.080446260760072
3.917417417417417 0.877297903147628
3.917417417417417 0.123507433038422
3.917417417417417 0.295076862957419
3.917417417417417 0.454975697951513
3.918918918918919 0.270608637551364
3.918918918918919 0.254244092843971
3.918918918918919 0.934690344764169
3.918918918918919 0.830264677701032
3.918918918918919 0.291280970057312
3.920420420420420 0.777623830980354
3.920420420420420 0.355399371783181
3.920420420420420 0.173571508550237
3.920420420420420 0.784629781735206
3.920420420420420 0.259450928956799
3.921921921921922 0.978999561319208
3.921921921921922 0.300216917129000
3.921921921921922 0.725179334941473
3.921921921921922 0.105066413104525
3.921921921921922 0.979866877768709
3.923423423423423 0.525950155114404
3.923423423423423 0.079484065195681
3.923423423423423 0.352419343893631
3.923423423423423 0.687325296985430
3.923423423423423 0.777756266378774
3.924924924924925 0.151337077435522
3.924924924924925 0.861037204944419
3.924924924924925 0.511947047143098
3.924924924924925 0.980793845762516
3.924924924924925 0.636235291984154
3.926426426426426 0.079415527450129
3.926426426426426 0.211978949516168
3.926426426426426 0.961760397963360
3.926426426426426 0.900889614933891
3.926426426426426 0.347587540897572
3.927927927927928 0.975530500033318
3.927927927927928 0.981224237951821
3.927927927927928 0.114862141252632
3.927927927927928 0.718431890028487
3.927927927927928 0.223788360922298
3.929429429429430 0.968629799261507
3.929429429429430 0.458018920242774
3.929429429429430 0.914004066180230
3.929429429429430 0.779524211832640
3.929429429429430 0.902506432893393
3.930930930930931 0.382905641724230
3.930930930930931 0.356844760610307
3.930930930930931 0.536358474822877
3.930930930930931 0.239370843886982
3.930930930930931 0.777611102412145
3.932432432432432 0.313752291828829
3.932432432432432 0.370178148483075
3.932432432432432 0.262118781248713
3.932432432432432 0.919010662638216
3.932432432432432 0.240445762604409
3.933933933933934 0.418340134839553
3.933933933933934 0.679689188218544
3.933933933933934 0.983244647195097
3.933933933933934 0.972991961369990
3.933933933933934 0.158543526288953
3.935435435435435 0.826997178887435
3.935435435435435 0.718694679692991
3.935435435435435 0.918216196679288
3.935435435435435 0.592866130971026
3.935435435435435 0.975468550493362
3.936936936936937 0.138005138227060
3.936936936936937 0.386957077201832
3.936936936936937 0.061559038866210
3.936936936936937 0.592753704780400
3.936936936936937 0.697630238885921
3.938438438438438 0.902097291271383
3.938438438438438 0.927796219694658
3.938438438438438 0.221071125885478
3.938438438438438 0.242944503410978
3.938438438438438 0.983273049264803
3.939939939939940 0.525964506394864
3.939939939939940 0.984979272913081
3.939939939939940 0.121301585340210
3.939939939939940 0.984869313169534
3.939939939939940 0.785141920625040
3.941441441441441 0.870770453127409
3.941441441441441 0.799796044017367
3.941441441441441 0.964949974902453
3.941441441441441 0.281925293569993
3.941441441441441 0.929694434817441
3.942942942942943 0.498738972818559
3.942942942942943 0.803621105439960
3.942942942942943 0.295767809116472
3.942942942942943 0.099344048210373
3.942942942942943 0.929033285727802
3.944444444444445 0.398557020251994
3.944444444444445 0.722773374666929
3.944444444444445 0.652479614693338
3.944444444444445 0.286897228675088
3.944444444444445 0.503255644465594
3.945945945945946 0.919797278368091
3.945945945945946 0.580486324865829
3.945945945945946 0.986413122974299
3.945945945945946 0.811079240723418
3.945945945945946 0.832040752062157
3.947447447447447 0.435782568820358
3.947447447447447 0.191883143209676
3.947447447447447 0.164401456716546
3.947447447447447 0.951928951610137
3.947447447447447 0.798250080829704
3.948948948948949 0.963830355259278
3.948948948948949 0.415244666930994
3.948948948948949 0.146507150637031
3.948948948948949 0.372259589992409
3.948948948948949 0.947946887588327
3.950450450450450 0.972875401092734
3.950450450450450 0.266031784183377
3.950450450450450 0.092553713002378
3.950450450450450 0.987542954429492
3.950450450450450 0.059246714664589
3.951951951951952 0.959591396453685
3.951951951951952 0.897468057404645
3.951951951951952 0.177027477112745
3.951951951951952 0.590007561778123
3.951951951951952 0.971755531561550
3.953453453453453 0.653011621455878
3.953453453453453 0.182992879142919
3.953453453453453 0.208595320249717
3.953453453453453 0.987885115893664
3.953453453453453 0.964471310793804
3.954954954954955 0.966820958769148
3.954954954954955 0.519615115625716
3.954954954954955 0.044099111357545
3.954954954954955 0.621634945251956
3.954954954954955 0.572053780253898
3.956456456456456 0.277754306579633
3.956456456456456 0.052012188733566
3.956456456456456 0.901235526497406
3.956456456456456 0.492657078373314
3.956456456456456 0.983748047620226
3.957957957957958 0.083030733010658
3.957957957957958 0.722552737760956
3.957957957957958 0.784317856230310
3.957957957957958 0.988068871718702
3.957957957957958 0.562492758921060
3.959459459459460 0.640164787084238
3.959459459459460 0.930042743580793
3.959459459459460 0.966995182216442
3.959459459459460 0.318544657800921
3.959459459459460 0.891886061812986
3.960960960960961 0.038953750845352
3.960960960960961 0.493384979255219
3.960960960960961 0.493384979255219
3.960960960960961 0.038953750845352
3.960960960960961 0.038281717427222
3.962462462462462 0.499543276909879
3.962462462462462 0.386588429253592
3.962462462462462 0.967589928583890
3.962462462462462 0.965970650590286
3.962462462462462 0.036839731450960
3.963963963963964 0.387783008467369
3.963963963963964 0.162529585100278
3.963963963963964 0.516951451461361
3.963963963963964 0.099329284596734
3.963963963963964 0.209900368441749
3.965465465465465 0.135770010073824
3.965465465465465 0.943532954613013
3.965465465465465 0.450560394487566
3.965465465465465 0.091462280488771
3.965465465465465 0.251409077408097
3.966966966966967 0.866990759355610
3.966966966966967 0.437386568023308
3.966966966966967 0.802687524777354
3.966966966966967 0.510992877932929
3.966966966966967 0.832215383272205
3.968468468468468 0.730610666146579
3.968468468468468 0.975607646190755
3.968468468468468 0.613941231226063
3.968468468468468 0.988947543235005
3.968468468468468 0.924986143550941
3.969969969969970 0.640927875068413
3.969969969969970 0.030543049211039
3.969969969969970 0.793786398152915
3.969969969969970 0.962206926845676
3.969969969969970 0.270554508912037
3.971471471471471 0.775830627336466
3.971471471471471 0.402313108238186
3.971471471471471 0.065827547046874
3.971471471471471 0.083070070281414
3.971471471471471 0.289160017264901
3.972972972972973 0.560024649504276
3.972972972972973 0.428243117991656
3.972972972972973 0.930775477680672
3.972972972972973 0.043964771435574
3.972972972972973 0.955279548300178
3.974474474474475 0.852542970676822
3.974474474474475 0.572353573934964
3.974474474474475 0.110189539158618
3.974474474474475 0.835798113998393
3.974474474474475 0.341610512205022
3.975975975975976 0.342420241092805
3.975975975975976 0.903446296555910
3.975975975975976 0.990554905183768
3.975975975975976 0.443178648325525
3.975975975975976 0.140497423639208
3.977477477477477 0.993328193672786
3.977477477477477 0.517695252154649
3.977477477477477 0.957461301313940
3.977477477477477 0.112825035121125
3.977477477477477 0.485123709470209
3.978978978978979 0.951607787801740
3.978978978978979 0.817313701556628
3.978978978978979 0.992049338641533
3.978978978978979 0.703830971810256
3.978978978978979 0.678322082202802
3.980480480480480 0.920201622602338
3.980480480480480 0.039031842396264
3.980480480480480 0.082550022742659
3.980480480480480 0.185151377044548
3.980480480480480 0.866521124732548
3.981981981981982 0.866946366243887
3.981981981981982 0.228186454185738
3.981981981981982 0.881335020323789
3.981981981981982 0.200080720216043
3.981981981981982 0.980075430259143
3.983483483483484 0.573263797108474
3.983483483483484 0.727583416911404
3.983483483483484 0.029832022253890
3.983483483483484 0.995356804122468
3.983483483483484 0.991701392715859
3.984984984984985 0.835180206745980
3.984984984984985 0.678457968943058
3.984984984984985 0.163805365803719
3.984984984984985 0.964783829996810
3.984984984984985 0.983292899665231
3.986486486486486 0.546403092553092
3.986486486486486 0.220201418144972
3.986486486486486 0.996615610997060
3.986486486486486 0.165681551658720
3.986486486486486 0.146148775381048
3.987987987987988 0.996993706506146
3.987987987987988 0.764366408548174
3.987987987987988 0.987055341678975
3.987987987987988 0.580118543935001
3.987987987987988 0.360554784568035
3.989489489489490 0.974735714646205
3.989489489489490 0.394324906041319
3.989489489489490 0.265283097893746
3.989489489489490 0.878361396163510
3.989489489489490 0.989419036932547
3.990990990990991 0.649379083669823
3.990990990990991 0.492914660278132
3.990990990990991 0.186052814435525
3.990990990990991 0.179979374517675
3.990990990990991 0.841726942511414
3.992492492492492 0.998122524484352
3.992492492492492 0.994883719361872
3.992492492492492 0.846136678809681
3.992492492492492 0.081582346409431
3.992492492492492 0.807596925502842
3.993993993993994 0.876169060582957
3.993993993993994 0.158783968086975
3.993993993993994 0.206492905248248
3.993993993993994 0.082606590712803
3.993993993993994 0.732095906185197
3.995495495495495 0.972957505631737
3.995495495495495 0.927300335574951
3.995495495495495 0.823869100683638
3.995495495495495 0.159420775337076
3.995495495495495 0.720379853835936
3.996996996996997 0.732068770488683
3.996996996996997 0.748193805130300
3.996996996996997 0.028783610217636
3.996996996996997 0.994994087309329
3.996996996996997 0.030338959552118
3.998498498498499 0.205065460827872
3.998498498498499 0.774926703074565
3.998498498498499 0.008029665157163
3.998498498498499 0.522686824943702
3.998498498498499 0.711232318392052
4.000000000000000 0.810615416102622
4.000000000000000 0.036962466973576
4.000000000000000 0.881575146698794
4.000000000000000 0.056957739486955
4.000000000000000 0.291004839213862
